CraneOperation_ID,VesselCall_ID,Crane_ID,Operating_Hours,Moves_Completed
1,1,5,1.16,27
2,1,4,4.07,109
3,2,4,1.31,36
4,2,1,3.16,88
5,2,2,1.9,45
6,2,5,0.8,19
7,3,4,1.05,32
8,3,3,0.7,19
9,3,5,0.65,21
10,3,1,0.86,26
11,4,2,13.37,369
12,4,1,1.22,27
13,4,3,4.15,116
14,4,4,6.94,186
15,5,5,5.49,149
16,5,1,2.28,51
17,6,5,1.6,40
18,6,2,2.26,59
19,7,4,6.45,212
20,7,5,9.02,226
21,7,2,6.67,217
22,8,5,2.74,74
23,8,2,1.12,25
24,9,4,0.95,32
25,9,3,3.76,84
26,9,5,0.5,12
27,9,1,2.67,75
28,10,1,0.81,20
29,10,3,6.43,206
30,10,4,0.65,20
31,10,5,0.54,14
32,11,5,1.48,37
33,11,4,0.98,33
34,11,2,5.42,143
35,12,5,2.39,76
36,12,3,0.82,22
37,12,1,8.62,228
38,12,2,0.73,18
39,13,1,0.59,17
40,13,4,2.24,67
41,13,2,0.87,25
42,13,3,1.89,48
43,14,4,5.54,178
44,14,3,4.55,146
45,14,2,0.0,0
46,15,2,8.45,282
47,15,4,0.16,4
48,16,2,1.64,55
49,16,3,0.57,13
50,16,1,3.87,117
51,16,5,3.85,107
52,17,3,8.23,258
53,17,4,2.58,61
54,18,5,5.56,181
55,18,1,2.13,57
56,19,1,1.01,23
57,19,3,10.56,240
58,19,4,4.04,131
59,20,5,1.31,35
60,20,4,4.47,114
61,20,3,3.89,123
62,21,1,0.68,22
63,21,3,4.69,150
64,21,5,4.28,96
65,22,1,8.58,252
66,22,4,4.42,135
67,23,1,2.83,84
68,23,4,0.63,15
69,24,4,2.19,68
70,24,1,1.44,43
71,24,5,3.65,112
72,24,2,2.27,52
73,25,2,3.57,106
74,25,1,1.46,47
75,25,5,6.71,166
76,26,5,11.13,289
77,26,2,0.93,27
78,27,2,0.12,3
79,27,5,3.18,95
80,27,3,1.2,40
81,27,1,0.54,15
82,28,3,10.21,341
83,28,1,2.31,58
84,29,2,2.44,63
85,29,5,5.94,197
86,29,4,1.37,37
87,29,1,2.41,56
88,30,2,7.22,217
89,30,4,3.93,111
90,31,2,5.9,141
91,31,1,4.42,110
92,31,3,0.54,13
93,31,4,2.35,67
94,32,1,1.92,51
95,32,3,1.42,48
96,33,4,8.07,225
97,33,3,0.16,5
98,34,1,5.71,145
99,34,4,6.73,153
100,34,3,1.11,27
101,34,5,1.1,25
102,35,4,0.45,12
103,35,2,0.0,0
104,35,1,8.43,210
105,36,2,2.72,77
106,36,1,8.85,286
107,37,2,4.11,109
108,37,1,2.9,69
109,38,5,3.42,111
110,38,2,1.59,45
111,38,1,3.34,80
112,38,4,4.66,142
113,39,5,9.71,245
114,39,4,3.73,120
115,40,2,1.47,37
116,40,4,0.42,12
117,40,1,11.89,274
118,41,2,0.88,28
119,41,3,0.82,22
120,41,1,3.03,93
121,42,2,3.7,94
122,42,5,3.67,100
123,42,3,6.28,187
124,42,1,2.92,68
125,43,5,1.37,33
126,43,3,10.63,356
127,43,1,0.82,23
128,44,3,2.76,73
129,44,1,7.27,229
130,44,2,8.66,227
131,45,4,0.62,16
132,45,3,2.35,53
133,45,1,0.47,15
134,45,2,6.53,191
135,46,4,0.15,4
136,46,3,3.48,106
137,46,1,7.03,211
138,47,2,7.66,217
139,47,3,6.43,181
140,48,3,8.29,222
141,48,1,3.08,79
142,48,4,0.35,10
143,48,2,7.03,161
144,49,1,12.52,363
145,49,3,1.11,35
146,49,4,1.58,50
147,49,5,2.21,66
148,50,1,12.45,314
149,50,4,4.17,95
150,50,5,2.05,62
151,50,3,1.22,28
152,51,4,6.01,192
153,51,1,1.21,31
154,52,2,4.47,127
155,52,4,1.58,51
156,52,3,3.72,115
157,52,1,5.28,136
158,53,4,0.0,0
159,53,1,1.45,32
160,53,3,2.54,66
161,54,5,2.91,83
162,54,2,12.75,351
163,55,1,0.24,7
164,55,3,1.37,45
165,55,5,3.57,98
166,55,2,1.37,35
167,56,3,5.94,147
168,56,2,5.9,182
169,57,4,10.41,244
170,57,2,7.26,201
171,57,1,6.71,187
172,57,5,2.2,66
173,58,4,0.15,5
174,58,3,6.15,175
175,58,2,0.47,14
176,58,5,0.24,7
177,59,5,0.7,22
178,59,2,4.31,140
179,60,4,0.58,15
180,60,5,2.73,64
181,60,1,0.75,19
182,61,5,12.4,349
183,61,1,0.04,1
184,61,4,0.66,17
185,62,2,1.61,39
186,62,4,3.22,98
187,62,1,1.87,53
188,63,3,0.19,6
189,63,2,0.43,14
190,63,5,1.72,41
191,63,1,1.33,36
192,64,1,1.3,38
193,64,2,2.51,67
194,64,4,5.24,157
195,64,5,2.12,56
196,65,3,7.09,173
197,65,2,1.77,39
198,65,1,1.27,32
199,65,5,6.81,155
200,66,2,7.28,212
201,66,3,6.63,148
202,66,4,2.51,74
203,67,1,2.92,82
204,67,2,1.24,32
205,67,3,4.96,131
206,67,4,6.38,164
207,68,1,1.31,35
208,68,2,3.05,86
209,68,4,1.92,47
210,69,5,8.68,283
211,69,1,4.48,144
212,70,3,2.63,69
213,70,5,3.47,86
214,71,5,1.68,51
215,71,4,0.4,11
216,71,2,5.16,120
217,71,3,10.83,250
218,72,5,3.04,103
219,72,3,3.62,101
220,72,4,1.5,47
221,73,5,0.89,21
222,73,1,1.38,45
223,73,3,2.47,78
224,74,5,0.07,2
225,74,4,13.81,325
226,74,2,1.33,32
227,75,1,4.93,151
228,75,4,4.88,116
229,75,2,15.31,344
230,76,3,0.78,22
231,76,2,18.66,420
232,77,1,5.99,173
233,77,5,1.35,37
234,78,1,1.37,37
235,78,3,1.18,30
236,78,5,1.18,32
237,79,2,8.61,282
238,79,3,3.09,95
239,80,2,6.85,213
240,80,1,0.86,24
241,80,3,1.66,48
242,80,5,3.53,104
243,81,5,0.11,3
244,81,2,5.12,170
245,81,4,2.2,53
246,81,1,6.59,159
247,82,3,1.47,47
248,82,4,3.79,112
249,83,1,3.5,101
250,83,3,0.81,20
251,83,4,4.05,127
252,83,2,2.26,57
253,84,4,8.96,255
254,84,3,0.37,12
255,85,4,1.21,35
256,85,3,8.52,288
257,86,2,0.8,24
258,86,4,1.91,65
259,86,3,0.88,22
260,87,5,11.03,262
261,87,2,0.77,21
262,88,1,2.7,90
263,88,2,4.28,129
264,89,1,1.31,31
265,89,2,3.69,100
266,89,5,6.88,170
267,89,3,1.25,41
268,90,3,3.5,117
269,90,5,0.98,27
270,91,5,2.53,58
271,91,4,4.69,125
272,91,2,0.22,6
273,92,3,4.33,130
274,92,5,2.57,67
275,92,4,1.69,38
276,92,2,7.41,171
277,93,5,1.36,46
278,93,3,4.27,139
279,93,2,4.32,142
280,94,2,13.05,300
281,94,3,3.24,73
282,95,1,5.99,151
283,95,2,2.48,60
284,95,4,0.21,5
285,95,3,1.76,53
286,96,3,0.23,6
287,96,1,0.71,24
288,96,4,4.0,95
289,97,5,0.61,16
290,97,2,6.46,199
291,97,4,2.48,67
292,98,2,2.32,63
293,98,3,9.27,250
294,99,5,1.85,47
295,99,2,7.46,214
296,100,3,1.61,47
297,100,1,6.58,187
298,100,5,3.6,118
299,101,1,4.04,136
300,101,3,4.78,150
301,101,4,0.65,17
302,102,2,0.28,9
303,102,3,7.79,244
304,102,5,3.2,78
305,102,4,8.97,270
306,103,1,17.97,404
307,103,5,1.39,47
308,104,3,0.84,19
309,104,1,4.71,127
310,104,2,2.14,66
311,104,4,2.13,49
312,105,1,1.81,57
313,105,4,3.61,119
314,105,2,0.13,4
315,105,5,8.13,261
316,106,2,10.84,245
317,106,5,5.3,158
318,107,2,14.4,317
319,107,5,5.33,134
320,108,2,4.27,115
321,108,1,6.01,169
322,109,4,2.04,46
323,109,3,0.85,27
324,109,5,4.27,111
325,109,1,1.19,34
326,110,3,2.89,73
327,110,2,5.86,162
328,111,3,10.82,283
329,111,2,2.82,76
330,112,1,18.56,483
331,112,5,0.96,28
332,113,5,8.96,216
333,113,4,2.81,94
334,113,2,0.3,7
335,114,2,5.4,136
336,114,5,3.53,100
337,114,4,0.95,30
338,115,3,2.83,96
339,115,4,2.58,77
340,115,5,4.94,109
341,115,2,6.55,188
342,116,3,11.02,295
343,116,1,2.02,51
344,116,4,2.91,90
345,116,5,2.16,64
346,117,2,0.72,18
347,117,3,7.4,218
348,118,4,3.5,94
349,118,2,4.26,135
350,118,1,1.65,43
351,118,5,1.85,42
352,119,1,0.05,1
353,119,3,4.96,144
354,119,5,2.45,68
355,119,4,2.13,68
356,120,1,0.36,12
357,120,5,2.35,61
358,120,3,0.27,9
359,120,4,0.51,16
360,121,2,0.9,21
361,121,1,8.37,256
362,121,5,1.9,45
363,121,4,0.04,1
364,122,5,1.26,42
365,122,2,6.83,218
366,122,1,1.54,46
367,123,3,3.44,86
368,123,1,1.09,29
369,123,2,1.28,35
370,123,4,2.0,55
371,124,5,7.25,175
372,124,2,1.78,45
373,124,4,2.78,71
374,125,1,3.84,119
375,125,4,3.7,83
376,125,3,1.89,47
377,126,4,0.21,7
378,126,1,7.72,172
379,127,2,1.47,34
380,127,1,2.09,69
381,127,4,11.21,341
382,128,1,1.96,59
383,128,3,1.57,52
384,128,5,3.56,94
385,129,1,14.82,361
386,129,3,0.12,4
387,130,1,5.19,151
388,130,4,8.86,261
389,130,2,1.16,31
390,131,1,3.16,78
391,131,3,0.7,21
392,132,3,3.58,99
393,132,1,0.69,21
394,132,2,0.99,23
395,133,4,5.53,144
396,133,1,18.49,420
397,134,2,1.41,39
398,134,4,2.93,95
399,134,3,1.48,46
400,135,3,5.42,139
401,135,5,0.99,25
402,135,4,1.12,38
403,136,5,2.03,61
404,136,3,6.17,189
405,136,4,0.2,6
406,137,2,1.58,35
407,137,5,4.22,117
408,138,3,7.3,199
409,138,2,7.43,247
410,138,4,0.13,3
411,139,3,0.45,13
412,139,4,6.52,161
413,139,2,1.06,27
414,140,5,5.59,145
415,140,3,1.37,39
416,141,1,1.8,57
417,141,4,1.7,42
418,142,5,2.64,72
419,142,2,2.3,72
420,142,1,0.4,9
421,142,3,0.38,10
422,143,2,10.67,327
423,143,1,0.4,13
424,144,5,13.07,354
425,144,3,1.6,54
426,145,5,0.31,10
427,145,4,1.77,43
428,145,2,2.49,55
429,145,3,3.58,88
430,146,5,3.32,94
431,146,4,1.24,38
432,147,4,4.27,114
433,147,5,2.49,79
434,147,3,0.1,3
435,148,4,2.6,73
436,148,1,2.77,70
437,149,3,5.57,139
438,149,5,3.9,101
439,149,2,2.67,80
440,150,3,2.59,57
441,150,2,2.01,63
442,150,5,7.1,179
443,150,1,0.1,3
444,151,5,2.46,78
445,151,4,0.93,27
446,151,1,0.51,14
447,152,5,2.42,57
448,152,4,0.45,11
449,152,3,0.67,19
450,152,1,0.43,10
451,153,4,2.91,85
452,153,5,0.15,4
453,153,3,1.57,49
454,153,2,0.93,23
455,154,5,3.41,98
456,154,1,3.51,83
457,155,1,3.22,86
458,155,2,3.98,133
459,155,3,0.94,24
460,156,4,3.25,95
461,156,3,10.58,289
462,156,1,4.77,148
463,156,2,3.29,75
464,157,1,0.58,18
465,157,3,1.64,53
466,157,4,2.89,68
467,158,2,0.38,12
468,158,5,0.52,15
469,158,4,5.08,152
470,159,5,0.24,8
471,159,4,3.06,88
472,159,1,0.04,1
473,159,3,0.04,1
474,160,2,4.73,113
475,160,4,2.59,71
476,160,1,0.17,5
477,160,3,1.28,42
478,161,5,0.85,25
479,161,1,1.48,48
480,161,4,0.55,17
481,161,3,0.3,8
482,162,2,7.55,169
483,162,3,0.9,28
484,162,4,0.08,2
485,163,2,10.53,328
486,163,1,1.14,26
487,163,3,1.06,35
488,163,5,1.06,26
489,164,5,0.28,9
490,164,1,1.18,29
491,164,4,1.71,38
492,164,3,8.98,240
493,165,2,6.94,215
494,165,5,6.67,165
495,166,1,1.07,31
496,166,5,6.11,201
497,167,3,1.65,52
498,167,1,1.12,25
499,167,5,0.81,23
500,168,4,0.22,7
501,168,1,0.57,19
502,168,5,5.8,161
503,168,2,1.94,54
504,169,3,6.16,204
505,169,1,2.15,61
506,170,2,2.68,89
507,170,1,8.67,270
508,171,3,14.14,385
509,171,2,1.12,30
510,172,1,1.33,43
511,172,5,2.66,61
512,172,3,0.84,20
513,172,4,0.21,7
514,173,4,6.97,180
515,173,2,0.29,9
516,173,5,7.2,187
517,174,3,0.28,9
518,174,5,4.57,106
519,175,2,13.45,332
520,175,3,2.99,76
521,176,5,0.28,8
522,176,1,4.0,127
523,176,4,0.54,16
524,177,4,0.35,9
525,177,3,0.57,16
526,177,5,3.5,96
527,178,2,12.33,374
528,178,3,3.67,112
529,179,3,0.03,1
530,179,4,4.23,106
531,179,5,0.46,11
532,179,2,0.48,11
533,180,5,1.4,42
534,180,1,1.06,31
535,180,2,0.41,13
536,180,4,1.27,41
537,181,2,8.62,254
538,181,1,3.08,89
539,181,4,6.69,198
540,182,5,4.25,106
541,182,3,13.78,438
542,182,2,2.57,63
543,182,4,0.61,17
544,183,4,1.71,38
545,183,5,4.51,127
546,183,1,1.25,32
547,184,3,4.32,96
548,184,4,0.09,3
549,185,3,1.49,34
550,185,5,5.94,153
551,185,2,2.06,65
552,186,2,4.13,100
553,186,1,6.85,189
554,186,5,1.71,42
555,187,2,8.64,203
556,187,1,3.15,81
557,187,5,0.47,13
558,188,1,2.68,70
559,188,2,2.75,75
560,189,4,0.19,6
561,189,5,5.46,153
562,189,1,3.18,77
563,190,5,0.32,8
564,190,1,7.82,240
565,191,3,0.12,4
566,191,5,2.51,65
567,191,2,0.47,16
568,191,1,0.44,13
569,192,2,1.22,28
570,192,5,0.2,6
571,192,3,6.88,196
572,192,1,11.88,311
573,193,2,2.7,88
574,193,3,0.6,15
575,193,1,2.61,69
576,194,4,4.46,118
577,194,2,6.29,160
578,195,2,1.77,43
579,195,1,2.45,73
580,195,5,0.22,7
581,195,4,0.38,12
582,196,4,10.96,288
583,196,1,0.97,31
584,196,5,0.58,19
585,196,3,5.77,165
586,197,2,0.46,14
587,197,1,3.25,77
588,197,3,0.89,25
589,197,4,0.65,16
590,198,2,5.1,113
591,198,5,0.62,18
592,198,3,1.79,59
593,198,1,0.22,7
594,199,3,4.31,98
595,199,4,9.36,207
596,199,1,0.04,1
597,200,5,2.45,83
598,200,4,25.54,607
599,201,4,3.95,95
600,201,5,1.38,45
601,201,3,6.41,174
602,201,2,0.06,2
603,202,3,3.57,112
604,202,5,5.22,148
605,202,4,0.04,1
606,203,3,8.64,284
607,203,4,3.88,100
608,204,3,8.35,227
609,204,1,5.09,122
610,205,4,2.29,65
611,205,1,2.41,66
612,205,2,1.45,34
613,205,3,4.15,118
614,206,3,2.25,57
615,206,2,3.75,126
616,207,2,2.11,58
617,207,5,3.29,73
618,207,4,2.01,59
619,207,3,2.33,54
620,208,5,0.76,25
621,208,4,2.47,74
622,209,1,1.59,48
623,209,2,6.87,217
624,209,4,4.1,128
625,209,3,0.03,1
626,210,4,9.83,271
627,210,5,4.27,125
628,211,2,0.2,5
629,211,3,0.87,21
630,211,4,6.22,153
631,212,1,7.06,221
632,212,5,1.79,40
633,212,2,0.39,12
634,212,3,1.9,56
635,213,5,8.86,208
636,213,4,0.0,0
637,213,2,2.97,99
638,214,3,5.09,128
639,214,5,0.81,21
640,215,1,4.42,110
641,215,4,11.24,266
642,215,2,0.21,7
643,215,5,0.09,2
644,216,1,2.29,73
645,216,4,3.32,102
646,216,2,0.03,1
647,216,3,0.76,24
648,217,4,2.56,76
649,217,1,0.46,12
650,217,3,2.19,60
651,217,5,0.83,28
652,218,4,9.36,258
653,218,5,0.09,2
654,219,5,8.05,260
655,219,4,5.44,165
656,219,2,0.49,13
657,219,3,2.46,66
658,220,5,2.13,67
659,220,4,1.2,29
660,220,2,4.02,128
661,221,3,1.24,41
662,221,1,0.83,26
663,221,5,1.33,31
664,222,3,0.54,18
665,222,1,6.19,158
666,222,4,2.07,53
667,222,5,2.79,71
668,223,2,0.46,14
669,223,4,2.9,91
670,223,3,1.68,37
671,223,5,1.55,48
672,224,2,4.47,129
673,224,1,5.74,128
674,224,4,12.9,370
675,225,5,10.43,294
676,225,3,3.49,88
677,226,5,9.6,229
678,226,4,5.87,165
679,227,2,4.45,121
680,227,3,1.29,40
681,227,4,2.51,73
682,227,1,0.23,6
683,228,5,26.46,583
684,228,3,0.74,18
685,229,5,3.53,85
686,229,4,11.16,335
687,230,5,1.69,57
688,230,4,0.46,12
689,230,2,0.97,29
690,231,4,0.48,14
691,231,1,1.76,41
692,231,2,2.09,70
693,231,3,1.1,28
694,232,4,4.18,115
695,232,2,0.06,2
696,232,5,0.76,24
697,233,4,0.28,7
698,233,1,1.09,30
699,233,2,4.08,101
700,234,3,0.04,1
701,234,4,9.1,221
702,234,2,6.97,180
703,235,2,1.65,48
704,235,1,15.24,497
705,236,5,2.14,61
706,236,3,14.73,348
707,237,2,4.31,112
708,237,4,9.46,274
709,238,4,8.03,182
710,238,3,2.14,67
711,238,5,2.18,67
712,239,4,2.11,71
713,239,2,0.28,9
714,239,5,0.7,18
715,240,1,2.28,69
716,240,5,2.58,71
717,240,3,0.1,3
718,240,4,1.92,58
719,241,5,1.12,28
720,241,1,1.55,46
721,241,3,0.75,25
722,242,1,0.23,7
723,242,2,1.53,45
724,242,5,1.84,47
725,242,4,0.05,1
726,243,4,1.34,33
727,243,5,8.6,283
728,243,3,0.45,13
729,243,2,4.32,142
730,244,1,1.27,40
731,244,4,1.77,39
732,244,2,5.22,149
733,245,2,1.49,39
734,245,4,8.56,274
735,245,5,7.62,168
736,246,4,1.88,54
737,246,5,9.94,332
738,247,4,5.2,142
739,247,3,3.01,99
740,247,2,1.67,45
741,248,2,0.25,8
742,248,4,3.34,91
743,249,3,1.2,37
744,249,5,13.5,358
745,250,1,2.75,88
746,250,3,4.84,126
747,250,4,5.05,138
748,251,5,7.13,180
749,251,2,3.39,102
750,251,4,0.25,7
751,251,3,2.24,66
752,252,4,0.82,25
753,252,2,8.09,201
754,253,5,0.6,18
755,253,3,2.26,65
756,253,2,7.8,205
757,254,4,10.9,320
758,254,3,2.14,61
759,254,1,0.12,3
760,255,3,7.62,213
761,255,5,4.82,123
762,255,2,2.23,52
763,256,3,0.8,26
764,256,1,5.2,149
765,256,4,0.09,3
766,256,2,5.23,117
767,257,1,2.57,79
768,257,2,2.43,66
769,258,3,2.53,61
770,258,2,14.8,341
771,258,5,2.15,62
772,258,4,0.27,9
773,259,2,1.6,47
774,259,3,6.46,159
775,259,5,1.87,58
776,260,5,8.87,284
777,260,4,6.66,217
778,261,4,1.16,31
779,261,5,1.05,25
780,261,1,3.66,88
781,261,3,3.68,89
782,262,5,5.63,133
783,262,3,4.02,111
784,262,4,1.48,41
785,262,2,5.46,173
786,263,4,1.07,27
787,263,5,0.53,15
788,263,1,6.92,164
789,264,4,2.33,64
790,264,5,2.48,60
791,265,2,3.03,73
792,265,4,4.33,134
793,266,5,0.81,20
794,266,2,1.07,30
795,266,1,5.02,144
796,266,3,2.06,65
797,267,2,3.74,96
798,267,1,4.84,121
799,267,4,0.53,17
800,267,5,1.26,37
801,268,2,5.57,149
802,268,4,0.46,15
803,269,2,9.04,256
804,269,3,3.0,87
805,270,5,5.36,169
806,270,3,5.23,142
807,270,4,1.42,34
808,271,2,0.63,21
809,271,3,2.21,57
810,271,1,0.36,10
811,271,4,0.33,9
812,272,2,0.06,2
813,272,3,13.19,317
814,273,1,9.06,280
815,273,3,5.93,141
816,273,5,2.53,75
817,273,4,0.61,15
818,274,3,2.03,51
819,274,4,10.24,260
820,274,1,5.39,178
821,275,1,1.21,27
822,275,2,0.3,8
823,275,5,1.55,41
824,275,3,0.66,22
825,276,1,0.09,3
826,276,5,2.53,61
827,276,3,2.38,73
828,276,4,5.09,140
829,277,4,1.32,44
830,277,1,8.39,222
831,277,5,2.66,86
832,278,5,1.64,39
833,278,4,4.84,143
834,278,3,6.79,167
835,278,1,0.31,10
836,279,1,1.88,61
837,279,3,1.75,52
838,279,2,2.21,51
839,280,1,0.3,8
840,280,3,12.52,286
841,281,3,0.41,10
842,281,2,4.29,132
843,281,1,3.37,84
844,281,4,7.17,169
845,282,3,0.64,15
846,282,1,8.01,182
847,282,2,3.39,107
848,283,4,1.0,34
849,283,5,7.17,183
850,284,3,5.16,126
851,284,5,4.02,97
852,284,4,3.2,104
853,285,1,5.94,150
854,285,2,1.26,37
855,286,5,1.79,56
856,286,3,9.78,311
857,286,2,1.69,40
858,286,1,1.97,64
859,287,3,4.63,123
860,287,1,0.0,0
861,287,5,2.9,95
862,288,3,1.59,36
863,288,2,2.11,63
864,289,3,5.28,167
865,289,4,0.29,8
866,289,5,9.57,246
867,289,1,0.33,10
868,290,2,2.46,61
869,290,1,1.27,43
870,291,1,4.83,160
871,291,5,3.74,112
872,292,3,11.95,303
873,292,4,2.27,66
874,293,3,3.45,105
875,293,4,6.48,179
876,294,1,7.19,182
877,294,5,1.63,44
878,294,2,3.72,108
879,295,3,0.92,29
880,295,5,2.21,74
881,295,2,3.71,82
882,295,1,2.91,67
883,296,4,6.71,185
884,296,1,4.19,138
885,297,5,6.4,198
886,297,2,0.33,11
887,298,4,12.79,282
888,298,5,3.38,111
889,299,2,13.82,337
890,299,5,2.61,87
891,300,5,1.62,53
892,300,4,6.72,206
893,301,3,8.55,234
894,301,5,5.05,124
895,301,2,7.59,169
896,302,3,2.27,52
897,302,1,3.0,71
898,302,5,2.27,68
899,303,3,2.48,58
900,303,1,1.95,54
901,303,5,2.57,80
902,304,5,0.13,4
903,304,2,1.49,39
904,304,1,9.33,215
905,304,4,0.3,10
906,305,2,4.45,116
907,305,5,3.88,115
908,305,4,4.92,146
909,305,1,0.09,3
910,306,3,6.77,192
911,306,2,2.42,66
912,307,5,0.92,27
913,307,3,0.09,2
914,307,1,1.28,33
915,307,4,4.71,107
916,308,5,4.07,132
917,308,2,1.23,40
918,308,4,0.37,9
919,309,2,5.74,178
920,309,5,5.2,152
921,309,1,5.54,151
922,309,3,1.28,37
923,310,4,8.26,244
924,310,3,7.36,208
925,311,4,1.49,44
926,311,3,5.83,157
927,311,1,3.52,87
928,312,4,10.04,294
929,312,1,0.49,11
930,312,5,2.06,67
931,313,5,8.72,200
932,313,1,4.61,120
933,313,2,0.78,26
934,313,3,7.42,178
935,314,5,0.16,5
936,314,2,2.19,70
937,314,1,1.09,33
938,315,5,1.19,33
939,315,4,6.08,187
940,315,1,0.25,8
941,315,2,2.18,64
942,316,4,5.46,127
943,316,2,2.38,74
944,317,5,8.36,280
945,317,1,1.64,53
946,317,3,2.09,62
947,317,2,2.52,80
948,318,2,4.25,138
949,318,3,2.91,76
950,319,3,7.98,222
951,319,5,7.65,209
952,320,4,0.73,24
953,320,2,2.87,77
954,321,4,2.27,61
955,321,5,1.45,48
956,322,5,2.82,68
957,322,1,1.04,32
958,322,4,0.36,8
959,323,1,10.44,276
960,323,5,7.96,224
961,324,2,3.15,74
962,324,4,6.77,185
963,325,1,3.5,82
964,325,5,3.8,128
965,325,4,0.79,24
966,325,3,8.19,221
967,326,2,12.6,286
968,326,4,0.0,0
969,326,3,0.66,18
970,326,5,3.44,81
971,327,4,1.29,29
972,327,1,0.34,8
973,327,2,2.5,66
974,328,5,0.28,9
975,328,2,1.3,37
976,328,4,4.13,96
977,329,5,1.03,28
978,329,3,9.99,302
979,330,5,0.35,11
980,330,1,6.72,209
981,331,5,5.91,184
982,331,3,5.04,130
983,331,1,7.65,195
984,331,4,1.43,38
985,332,4,0.49,13
986,332,2,21.2,559
987,333,4,4.16,128
988,333,5,0.88,29
989,333,2,4.2,101
990,333,1,1.09,36
991,334,4,1.23,34
992,334,3,0.0,0
993,334,1,1.9,46
994,334,5,0.73,18
995,335,5,2.14,57
996,335,1,1.21,32
997,335,3,1.15,29
998,336,1,7.18,175
999,336,4,0.22,6
1000,336,2,2.04,48
1001,337,3,1.74,39
1002,337,1,12.44,379
1003,338,2,0.68,15
1004,338,3,1.5,49
1005,338,4,5.14,151
1006,339,1,3.0,69
1007,339,2,13.59,328
1008,339,5,0.68,19
1009,339,3,0.93,28
1010,340,4,12.86,325
1011,340,5,2.99,76
1012,340,3,9.79,225
1013,341,2,3.53,111
1014,341,5,10.97,324
1015,341,1,1.1,35
1016,342,3,0.59,15
1017,342,4,1.55,51
1018,342,2,1.07,32
1019,343,2,0.3,10
1020,343,1,2.69,73
1021,343,3,1.95,65
1022,343,4,0.67,18
1023,344,2,11.79,326
1024,344,5,3.0,95
1025,345,4,4.04,111
1026,345,2,6.85,161
1027,345,3,3.74,84
1028,346,4,2.28,70
1029,346,3,3.56,84
1030,346,5,0.37,12
1031,346,1,6.12,198
1032,347,2,0.24,7
1033,347,3,4.07,109
1034,347,5,4.21,143
1035,348,5,3.25,96
1036,348,2,2.99,83
1037,349,2,0.57,18
1038,349,5,7.6,226
1039,349,3,1.76,39
1040,349,1,4.13,124
1041,350,4,0.57,19
1042,350,2,9.62,237
1043,350,3,0.71,16
1044,351,4,2.82,82
1045,351,3,0.53,17
1046,352,1,4.4,131
1047,352,3,1.11,27
1048,352,2,0.71,22
1049,352,4,2.54,82
1050,353,5,4.82,140
1051,353,1,13.91,441
1052,354,2,9.68,254
1053,354,1,10.14,264
1054,355,4,10.86,245
1055,355,1,2.61,64
1056,356,1,7.65,242
1057,356,2,7.09,191
1058,356,4,9.08,266
1059,357,2,2.32,66
1060,357,5,5.94,171
1061,357,3,0.38,11
1062,357,4,7.08,178
1063,358,4,2.47,64
1064,358,3,1.17,27
1065,358,2,0.65,20
1066,358,1,2.44,74
1067,359,1,2.3,65
1068,359,2,8.57,192
1069,359,3,3.44,87
1070,359,5,3.17,97
1071,360,5,0.81,21
1072,360,4,11.9,301
1073,361,3,1.35,44
1074,361,2,0.57,13
1075,361,4,0.22,5
1076,361,5,1.17,36
1077,362,4,7.56,180
1078,362,3,2.44,72
1079,362,5,13.25,326
1080,363,3,0.84,19
1081,363,1,11.37,265
1082,364,1,0.1,3
1083,364,5,6.44,173
1084,364,3,6.9,197
1085,364,4,2.74,81
1086,365,5,6.39,179
1087,365,3,1.47,43
1088,366,5,3.91,130
1089,366,1,0.47,15
1090,366,3,8.53,215
1091,366,2,0.54,17
1092,367,3,14.89,385
1093,367,2,2.48,74
1094,367,4,2.04,68
1095,368,3,9.06,251
1096,368,4,6.68,182
1097,368,5,2.45,56
1098,369,1,14.34,334
1099,369,5,2.21,68
1100,370,1,10.78,287
1101,370,2,5.32,158
1102,371,3,11.69,328
1103,371,4,0.22,5
1104,372,1,8.2,246
1105,372,3,1.17,27
1106,372,2,0.78,21
1107,373,1,1.88,61
1108,373,5,5.22,148
1109,373,3,6.04,204
1110,373,4,0.81,23
1111,374,4,0.96,25
1112,374,1,5.76,146
1113,374,2,1.99,61
1114,375,5,0.32,10
1115,375,2,10.83,345
1116,376,2,0.04,1
1117,376,3,1.84,60
1118,376,1,1.1,36
1119,376,4,11.33,326
1120,377,2,5.38,153
1121,377,1,2.3,62
1122,377,5,0.0,0
1123,377,4,3.44,116
1124,378,2,4.37,124
1125,378,4,10.62,311
1126,379,2,0.41,13
1127,379,5,13.85,343
1128,380,2,13.39,432
1129,380,4,2.77,67
1130,381,5,1.67,56
1131,381,3,3.92,113
1132,381,1,3.68,112
1133,382,5,3.15,91
1134,382,3,0.63,16
1135,383,2,0.91,28
1136,383,4,14.33,366
1137,383,5,4.16,105
1138,384,3,16.49,438
1139,384,2,1.35,39
1140,385,3,10.51,341
1141,385,2,8.81,243
1142,386,5,0.13,3
1143,386,2,5.89,159
1144,386,4,7.78,234
1145,387,3,3.15,72
1146,387,5,4.51,126
1147,387,1,2.64,60
1148,388,5,13.98,453
1149,388,1,1.91,60
1150,389,5,3.21,109
1151,389,2,4.1,101
1152,390,5,0.74,20
1153,390,4,3.68,111
1154,390,2,1.3,37
1155,390,1,2.35,64
1156,391,2,5.25,136
1157,391,4,3.16,103
1158,392,1,1.7,52
1159,392,5,2.24,67
1160,392,4,3.45,101
1161,393,5,4.91,154
1162,393,2,0.96,24
1163,393,1,3.37,84
1164,393,4,2.8,67
1165,394,5,12.3,302
1166,394,2,2.19,60
1167,394,3,1.75,48
1168,395,2,4.66,144
1169,395,4,0.9,28
1170,396,5,4.84,113
1171,396,3,8.3,266
1172,397,2,9.61,312
1173,397,3,9.45,224
1174,398,3,8.2,276
1175,398,1,1.61,45
1176,398,5,3.78,85
1177,399,3,12.25,403
1178,399,2,2.92,74
1179,399,1,0.31,10
1180,399,5,1.16,38
1181,400,1,1.86,49
1182,400,5,8.59,289
1183,400,4,7.24,227
1184,400,3,0.12,4
1185,401,4,0.74,19
1186,401,1,12.37,399
1187,402,2,5.3,172
1188,402,4,7.35,194
1189,403,1,5.14,116
1190,403,5,7.02,157
1191,404,4,1.87,63
1192,404,5,0.75,21
1193,404,3,0.28,7
1194,404,2,16.44,402
1195,405,3,1.83,47
1196,405,5,1.61,50
1197,405,2,0.16,4
1198,406,4,1.71,54
1199,406,5,6.73,175
1200,406,3,14.04,354
1201,407,1,0.64,16
1202,407,2,2.55,77
1203,407,5,2.1,51
1204,407,4,2.81,72
1205,408,5,1.25,41
1206,408,4,0.59,13
1207,408,1,2.45,82
1208,408,3,0.08,2
1209,409,4,0.61,17
1210,409,5,3.16,79
1211,409,3,4.36,97
1212,410,3,1.16,27
1213,410,4,0.88,27
1214,410,5,2.2,58
1215,410,1,1.61,47
1216,411,4,0.95,24
1217,411,3,1.76,46
1218,411,5,0.94,28
1219,411,2,4.27,108
1220,412,4,5.69,168
1221,412,2,2.19,61
1222,412,5,3.68,96
1223,413,4,0.97,24
1224,413,1,17.09,379
1225,414,5,1.03,31
1226,414,4,3.06,68
1227,415,2,1.62,37
1228,415,3,6.18,207
1229,415,5,0.46,12
1230,416,1,5.68,189
1231,416,3,3.31,104
1232,416,2,0.25,6
1233,417,2,11.23,266
1234,417,3,1.88,54
1235,418,4,1.24,31
1236,418,5,0.91,24
1237,418,1,4.4,106
1238,419,2,7.84,233
1239,419,5,0.78,21
1240,420,4,0.22,5
1241,420,3,0.31,9
1242,420,2,2.09,54
1243,420,5,1.17,30
1244,421,2,3.52,101
1245,421,3,4.76,118
1246,421,4,0.59,16
1247,422,2,0.66,15
1248,422,3,0.08,2
1249,422,1,2.1,47
1250,422,4,1.86,45
1251,423,1,2.5,61
1252,423,5,0.74,19
1253,423,3,0.88,28
1254,423,2,0.77,21
1255,424,5,6.89,234
1256,424,1,4.89,149
1257,425,3,3.87,128
1258,425,5,2.08,53
1259,426,2,2.63,82
1260,426,5,2.22,49
1261,426,1,1.44,40
1262,426,3,15.37,379
1263,427,4,2.35,60
1264,427,1,12.75,384
1265,428,3,1.3,38
1266,428,2,3.42,81
1267,428,1,1.98,64
1268,428,5,6.6,173
1269,429,1,5.68,132
1270,429,5,0.35,9
1271,429,4,1.99,59
1272,430,2,3.82,85
1273,430,5,1.3,33
1274,430,1,8.46,198
1275,431,4,3.22,101
1276,431,1,7.42,220
1277,432,4,3.94,117
1278,432,5,16.93,481
1279,433,1,8.44,266
1280,433,5,1.81,46
1281,434,4,4.11,108
1282,434,5,0.23,7
1283,434,1,0.66,18
1284,434,3,2.81,67
1285,435,2,3.21,101
1286,435,4,0.22,7
1287,435,1,0.81,23
1288,435,3,4.78,132
1289,436,3,2.45,58
1290,436,1,0.58,16
1291,436,5,10.45,332
1292,436,4,5.72,129
1293,437,3,0.59,15
1294,437,4,10.61,268
1295,438,4,5.69,131
1296,438,1,5.24,168
1297,438,3,2.2,51
1298,439,1,0.28,9
1299,439,3,0.58,16
1300,439,5,0.62,17
1301,439,4,8.72,251
1302,440,1,6.81,150
1303,440,2,2.67,68
1304,440,4,0.54,16
1305,440,5,2.75,61
1306,441,5,0.76,20
1307,441,3,1.63,45
1308,441,2,0.71,23
1309,441,1,1.54,45
1310,442,1,6.99,162
1311,442,3,5.17,153
1312,442,5,2.78,79
1313,443,1,4.37,139
1314,443,2,6.81,205
1315,444,5,1.86,63
1316,444,2,1.51,36
1317,445,5,2.17,49
1318,445,3,3.01,70
1319,445,2,8.13,222
1320,446,3,0.17,4
1321,446,1,4.13,121
1322,447,5,2.73,72
1323,447,1,12.56,297
1324,447,2,0.92,25
1325,448,2,11.89,330
1326,448,3,0.56,16
1327,448,1,0.99,29
1328,449,4,11.77,293
1329,449,5,7.07,161
1330,450,3,3.99,133
1331,450,2,0.03,1
1332,450,4,9.91,292
1333,451,3,7.71,200
1334,451,2,0.0,0
1335,452,4,0.64,18
1336,452,1,11.37,363
1337,453,5,7.75,183
1338,453,2,0.45,13
1339,453,3,4.43,121
1340,454,4,2.01,54
1341,454,2,4.71,120
1342,454,5,2.07,67
1343,454,1,1.46,48
1344,455,3,0.17,4
1345,455,5,13.15,327
1346,455,1,5.14,131
1347,455,4,3.8,110
1348,456,3,0.32,10
1349,456,1,4.95,138
1350,456,5,7.2,193
1351,456,2,2.87,72
1352,457,3,2.34,79
1353,457,2,5.99,168
1354,457,5,0.7,23
1355,457,4,3.27,86
1356,458,4,20.16,502
1357,458,5,4.01,107
1358,459,4,7.53,168
1359,459,1,5.13,127
1360,460,4,1.07,31
1361,460,3,0.04,1
1362,460,5,3.57,81
1363,460,1,2.11,59
1364,461,5,0.06,2
1365,461,3,4.78,137
1366,461,4,0.45,12
1367,461,1,4.23,97
1368,462,5,0.72,16
1369,462,3,0.24,7
1370,462,1,12.95,285
1371,462,2,1.26,32
1372,463,2,0.55,17
1373,463,1,3.64,101
1374,463,3,1.5,41
1375,463,5,2.67,62
1376,464,1,12.23,324
1377,464,2,1.21,32
1378,464,5,4.01,96
1379,464,4,0.56,13
1380,465,1,0.64,20
1381,465,4,1.19,31
1382,465,3,2.19,69
1383,466,2,20.63,479
1384,466,3,4.75,146
1385,467,4,2.09,68
1386,467,2,6.12,155
1387,468,4,6.58,148
1388,468,2,8.22,263
1389,469,1,0.68,17
1390,469,3,7.16,207
1391,469,4,0.6,15
1392,470,1,7.76,232
1393,470,3,0.03,1
1394,470,5,0.13,3
1395,471,5,8.11,244
1396,471,2,1.89,53
1397,471,1,4.61,119
1398,472,2,1.44,48
1399,472,5,1.47,49
1400,472,1,1.68,46
1401,473,2,2.14,57
1402,473,4,0.88,29
1403,473,5,0.69,19
1404,473,3,8.96,218
1405,474,2,1.54,49
1406,474,3,2.24,54
1407,474,1,7.33,194
1408,474,5,2.81,79
1409,475,1,5.51,158
1410,475,2,0.46,15
1411,475,4,1.97,48
1412,475,5,0.96,23
1413,476,5,2.96,91
1414,476,3,2.12,58
1415,476,2,5.86,169
1416,476,4,2.56,77
1417,477,2,1.62,49
1418,477,1,9.63,276
1419,477,3,3.55,112
1420,477,5,0.82,27
1421,478,1,0.03,1
1422,478,3,8.38,281
1423,479,3,13.43,402
1424,479,1,3.91,94
1425,480,2,2.79,63
1426,480,4,15.31,347
1427,480,1,3.28,105
1428,481,1,2.32,59
1429,481,5,5.59,127
1430,481,3,4.49,146
1431,482,3,2.72,67
1432,482,2,2.13,53
1433,482,5,2.14,54
1434,483,3,0.24,8
1435,483,4,3.53,95
1436,484,1,5.75,170
1437,484,5,0.0,0
1438,484,4,10.48,308
1439,485,1,7.51,193
1440,485,3,1.4,41
1441,485,2,5.18,134
1442,485,5,0.57,14
1443,486,1,0.36,12
1444,486,5,0.81,20
1445,486,3,1.61,47
1446,486,4,0.59,19
1447,487,3,2.15,68
1448,487,1,1.38,45
1449,487,4,0.26,8
1450,488,5,5.85,181
1451,488,2,3.46,96
1452,489,5,5.97,166
1453,489,3,2.41,59
1454,490,4,12.79,292
1455,490,5,3.54,114
1456,490,2,0.14,4
1457,491,3,4.95,131
1458,491,4,7.25,224
1459,491,2,10.35,290
1460,492,2,0.22,7
1461,492,3,5.31,154
1462,492,5,1.3,32
1463,492,4,5.59,131
1464,493,3,6.81,164
1465,493,4,3.21,78
1466,493,2,3.9,107
1467,494,5,8.58,192
1468,494,3,6.61,170
1469,494,2,8.06,270
1470,495,1,2.08,58
1471,495,2,0.09,2
1472,495,3,6.74,209
1473,495,5,0.13,3
1474,496,2,0.43,14
1475,496,3,0.11,3
1476,496,4,0.97,30
1477,496,1,2.57,62
1478,497,1,2.8,69
1479,497,5,2.1,47
1480,498,1,1.82,45
1481,498,2,4.76,134
1482,498,3,2.46,73
1483,498,4,2.4,74
1484,499,3,0.6,20
1485,499,2,0.6,14
1486,499,1,2.6,65
1487,500,3,0.78,24
1488,500,4,4.42,119
1489,500,5,2.07,66
1490,500,2,11.04,287
