VesselCall_ID,Vessel_ID,ShippingLine_ID,Terminal_ID,Berth_ID,ArrivalDateTime,DepartureDateTime,ScheduledDeparture,Total_Moves,Import_Moves,Export_Moves,Delay_Minutes
1,19,4,1,1,2024-01-02 20:00:00,2024-01-03 09:52:01.969715,2024-01-03 16:12:59.540973,137,81,56,0
2,21,2,1,3,2024-01-02 12:00:00,2024-01-03 04:50:16.172047,2024-01-02 20:04:51.965998,191,107,84,525
3,14,2,1,1,2024-01-02 11:00:00,2024-01-02 16:19:17.685394,2024-01-02 11:56:13.340735,100,58,42,263
4,38,2,1,1,2024-01-05 17:00:00,2024-01-06 04:35:38.421217,2024-01-05 20:32:23.501528,700,323,377,483
5,29,4,1,3,2024-01-05 03:00:00,2024-01-05 22:56:23.525021,2024-01-06 00:38:09.382635,201,114,87,0
6,19,3,1,1,2024-01-09 18:00:00,2024-01-10 04:04:50.189397,2024-01-10 10:04:44.592544,100,56,44,0
7,13,5,1,2,2024-01-12 06:00:00,2024-01-13 04:49:55.255342,2024-01-12 23:24:11.547166,657,368,289,325
8,49,5,1,1,2024-01-15 11:00:00,2024-01-15 21:17:41.398918,2024-01-15 11:41:33.435583,100,46,54,576
9,47,1,1,1,2024-01-15 19:00:00,2024-01-16 09:22:54.593428,2024-01-16 16:01:26.434777,204,122,82,0
10,14,1,1,3,2024-01-16 02:00:00,2024-01-16 17:54:48.761380,2024-01-16 09:41:33.722300,262,129,133,493
11,12,2,1,1,2024-01-17 07:00:00,2024-01-17 22:49:45.332817,2024-01-18 00:28:08.108441,215,107,108,0
12,41,4,1,1,2024-01-18 08:00:00,2024-01-18 15:14:54.165585,2024-01-18 17:40:36.776050,346,169,177,0
13,28,2,1,2,2024-01-20 04:00:00,2024-01-20 14:22:19.547512,2024-01-20 11:19:50.242815,158,72,86,182
14,30,2,1,3,2024-01-22 00:00:00,2024-01-22 08:09:37.528252,2024-01-22 02:09:48.900266,326,189,137,359
15,49,3,1,3,2024-01-23 00:00:00,2024-01-23 14:21:37.820184,2024-01-23 13:55:26.503429,287,146,141,26
16,1,3,1,1,2024-01-27 04:00:00,2024-01-27 22:07:04.453877,2024-01-27 12:07:22.748648,293,132,161,599
17,23,1,1,1,2024-01-28 12:00:00,2024-01-29 10:35:00.245881,2024-01-29 14:51:11.894225,320,165,155,0
18,40,3,1,3,2024-01-28 01:00:00,2024-01-28 08:15:51.754318,2024-01-28 07:41:33.301166,239,129,110,34
19,50,5,1,1,2024-02-02 15:00:00,2024-02-03 03:50:29.009656,2024-02-03 03:12:02.030993,395,210,185,38
20,14,2,1,2,2024-02-02 01:00:00,2024-02-02 09:28:47.638377,2024-02-02 11:10:09.564566,273,151,122,0
21,30,2,1,3,2024-02-04 14:00:00,2024-02-05 02:43:32.586733,2024-02-05 03:35:16.614439,270,150,120,0
22,17,4,1,1,2024-02-04 09:00:00,2024-02-05 08:11:53.834970,2024-02-05 02:21:27.965333,388,229,159,350
23,34,3,1,2,2024-02-05 14:00:00,2024-02-05 22:44:38.445957,2024-02-06 04:25:27.039977,100,48,52,0
24,16,3,1,1,2024-02-05 02:00:00,2024-02-05 13:58:43.229472,2024-02-05 06:14:27.448677,277,151,126,464
25,32,1,1,1,2024-02-06 21:00:00,2024-02-07 08:39:18.730403,2024-02-07 15:03:30.806216,321,146,175,0
26,41,2,1,1,2024-02-06 12:00:00,2024-02-06 19:33:08.524946,2024-02-06 21:45:49.961795,317,159,158,0
27,47,1,1,3,2024-02-06 03:00:00,2024-02-06 07:39:54.212138,2024-02-06 01:09:12.369207,155,90,65,390
28,15,2,1,1,2024-02-07 22:00:00,2024-02-08 08:07:39.010049,2024-02-08 06:33:52.989192,400,212,188,93
29,26,1,1,3,2024-02-08 05:00:00,2024-02-08 13:22:06.174856,2024-02-08 11:46:52.575990,355,186,169,95
30,37,4,1,1,2024-02-10 21:00:00,2024-02-11 16:41:35.928235,2024-02-11 18:47:54.099814,329,157,172,0
31,17,2,1,3,2024-02-10 03:00:00,2024-02-10 16:47:12.537504,2024-02-10 15:07:08.033594,333,167,166,100
32,8,2,1,2,2024-02-12 04:00:00,2024-02-12 13:20:57.773676,2024-02-12 14:48:50.040869,100,53,47,0
33,45,3,1,2,2024-02-15 15:00:00,2024-02-16 02:27:15.600694,2024-02-16 07:33:43.447707,231,104,127,0
34,30,5,1,3,2024-02-16 18:00:00,2024-02-17 01:08:46.948734,2024-02-17 08:49:04.835937,351,167,184,0
35,6,1,1,2,2024-02-16 23:00:00,2024-02-17 07:40:51.980748,2024-02-17 02:40:08.313687,224,129,95,300
36,15,4,1,3,2024-02-17 04:00:00,2024-02-18 00:19:54.975426,2024-02-18 04:57:54.540519,364,193,171,0
37,20,4,1,1,2024-02-18 04:00:00,2024-02-18 12:52:18.454571,2024-02-18 11:45:42.918199,179,83,96,66
38,43,4,1,2,2024-02-20 04:00:00,2024-02-20 18:42:53.335678,2024-02-21 01:34:26.637591,380,204,176,0
39,13,3,1,2,2024-02-22 14:00:00,2024-02-23 00:30:30.918382,2024-02-23 00:01:12.781364,366,172,194,29
40,31,3,1,1,2024-02-22 13:00:00,2024-02-23 10:07:27.130859,2024-02-23 01:19:52.744111,325,191,134,527
41,34,3,1,1,2024-02-22 13:00:00,2024-02-23 06:06:03.138078,2024-02-22 23:42:33.131994,144,82,62,383
42,37,2,1,1,2024-02-23 03:00:00,2024-02-23 18:53:43.703892,2024-02-23 21:12:14.165359,451,258,193,0
43,18,1,1,1,2024-02-23 22:00:00,2024-02-24 10:26:25.957959,2024-02-24 10:32:35.302994,413,209,204,0
44,17,3,1,2,2024-02-27 07:00:00,2024-02-28 01:14:39.170993,2024-02-28 05:07:18.325661,531,310,221,0
45,6,3,1,1,2024-02-27 00:00:00,2024-02-27 20:32:59.175598,2024-02-27 18:56:50.896838,277,153,124,96
46,38,2,1,2,2024-03-02 00:00:00,2024-03-02 18:20:08.410747,2024-03-03 01:43:55.508976,323,181,142,0
47,5,5,1,1,2024-03-03 23:00:00,2024-03-04 21:15:27.187322,2024-03-04 18:23:10.717212,399,228,171,172
48,29,4,1,2,2024-03-05 18:00:00,2024-03-06 13:10:15.002231,2024-03-06 08:40:47.143030,474,229,245,269
49,43,3,1,2,2024-03-09 22:00:00,2024-03-10 11:08:54.336047,2024-03-10 10:49:56.359971,516,306,210,18
50,13,4,1,1,2024-03-15 07:00:00,2024-03-15 21:34:59.526817,2024-03-15 13:53:05.897517,501,235,266,461
51,37,3,1,3,2024-03-16 13:00:00,2024-03-17 00:36:42.933143,2024-03-16 15:47:35.950586,224,120,104,529
52,1,1,1,3,2024-03-21 21:00:00,2024-03-22 16:59:18.076516,2024-03-22 09:54:48.673389,431,201,230,424
53,40,4,1,1,2024-03-21 08:00:00,2024-03-22 00:11:10.810568,2024-03-22 06:07:46.289524,100,56,44,0
54,26,3,1,3,2024-03-26 01:00:00,2024-03-26 14:52:08.334042,2024-03-26 06:20:12.467866,435,255,180,511
55,44,3,1,2,2024-03-26 00:00:00,2024-03-26 05:34:36.369528,2024-03-26 07:03:13.244865,187,100,87,0
56,26,4,1,2,2024-03-30 19:00:00,2024-03-31 03:53:44.141016,2024-03-31 03:38:01.654592,330,149,181,15
57,22,5,1,1,2024-04-01 18:00:00,2024-04-02 07:35:38.172496,2024-04-02 09:18:17.894958,700,322,378,0
58,45,2,1,2,2024-04-01 00:00:00,2024-04-01 13:41:38.446559,2024-04-01 07:44:04.256997,203,102,101,357
59,28,2,1,2,2024-04-03 22:00:00,2024-04-04 08:06:24.997411,2024-04-03 23:04:36.715465,163,92,71,541
60,19,1,1,1,2024-04-05 17:00:00,2024-04-05 20:48:27.848965,2024-04-05 13:12:06.653316,100,54,46,456
61,3,4,1,3,2024-04-05 02:00:00,2024-04-05 23:02:07.879188,2024-04-05 15:03:40.439921,369,167,202,478
62,8,4,1,1,2024-04-05 23:00:00,2024-04-06 15:30:25.672184,2024-04-06 08:59:01.782531,191,88,103,391
63,21,5,1,3,2024-04-08 20:00:00,2024-04-09 11:01:09.640062,2024-04-09 18:32:30.353251,100,46,54,0
64,36,2,1,3,2024-04-08 04:00:00,2024-04-09 00:25:05.115379,2024-04-09 02:15:55.350989,320,174,146,0
65,2,4,1,3,2024-04-08 08:00:00,2024-04-09 04:13:25.402668,2024-04-09 04:22:24.403580,402,230,172,0
66,22,1,1,2,2024-04-08 13:00:00,2024-04-09 07:22:17.780240,2024-04-09 06:53:32.738905,436,247,189,28
67,17,2,1,2,2024-04-08 10:00:00,2024-04-08 20:31:20.029447,2024-04-08 20:55:53.614488,411,224,187,0
68,29,2,1,1,2024-04-08 17:00:00,2024-04-08 21:51:32.552743,2024-04-08 20:19:30.475966,169,80,89,92
69,38,1,1,3,2024-04-09 21:00:00,2024-04-10 05:48:43.791927,2024-04-10 11:20:53.603099,428,224,204,0
70,6,5,1,1,2024-04-12 20:00:00,2024-04-13 10:31:42.565329,2024-04-13 15:22:18.506474,156,87,69,0
71,26,4,1,3,2024-04-13 00:00:00,2024-04-13 23:36:49.699248,2024-04-14 06:07:24.345566,434,222,212,0
72,26,3,1,2,2024-04-13 03:00:00,2024-04-13 14:50:35.138059,2024-04-13 09:54:00.963403,252,115,137,296
73,34,3,1,3,2024-04-15 14:00:00,2024-04-15 22:16:07.715087,2024-04-16 01:32:53.005016,145,68,77,0
74,17,1,1,1,2024-04-15 01:00:00,2024-04-15 12:54:43.777828,2024-04-15 18:59:36.211025,360,188,172,0
75,1,3,1,2,2024-04-21 04:00:00,2024-04-22 04:32:30.893553,2024-04-22 12:29:59.301040,612,315,297,0
76,38,2,1,1,2024-04-22 16:00:00,2024-04-23 01:50:42.062624,2024-04-23 07:22:56.215340,443,238,205,0
77,49,1,1,2,2024-04-22 22:00:00,2024-04-23 15:24:29.774683,2024-04-23 10:22:27.878946,211,122,89,302
78,25,1,1,3,2024-04-22 14:00:00,2024-04-22 18:02:03.580716,2024-04-23 01:14:21.660352,100,54,46,0
79,26,3,1,3,2024-04-24 15:00:00,2024-04-25 02:19:02.892142,2024-04-25 08:14:32.617165,378,172,206,0
80,29,1,1,2,2024-04-25 17:00:00,2024-04-26 12:52:56.635018,2024-04-26 11:28:42.874489,391,203,188,84
81,31,1,1,1,2024-04-26 22:00:00,2024-04-27 12:45:14.964234,2024-04-27 13:28:24.307095,386,201,185,0
82,22,2,1,3,2024-04-27 09:00:00,2024-04-28 03:10:29.110773,2024-04-27 19:23:41.194288,160,79,81,466
83,35,1,1,1,2024-04-29 19:00:00,2024-04-30 16:29:51.563734,2024-04-30 23:32:57.651163,307,181,126,0
84,44,4,1,1,2024-04-29 09:00:00,2024-04-30 05:43:29.514350,2024-04-30 12:04:27.397435,268,145,123,0
85,1,1,1,1,2024-05-02 04:00:00,2024-05-02 15:36:49.951507,2024-05-02 22:51:22.312819,324,163,161,0
86,46,2,1,1,2024-05-03 03:00:00,2024-05-03 13:10:08.837139,2024-05-03 17:14:25.985205,113,51,62,0
87,37,4,1,3,2024-05-04 12:00:00,2024-05-05 00:32:20.841150,2024-05-04 14:44:01.658994,284,165,119,588
88,8,3,1,2,2024-05-06 12:00:00,2024-05-07 02:26:25.123627,2024-05-07 08:16:27.171847,220,130,90,0
89,26,5,1,3,2024-05-07 19:00:00,2024-05-08 10:41:47.294274,2024-05-08 00:47:17.267367,344,187,157,594
90,42,5,1,1,2024-05-08 02:00:00,2024-05-08 21:53:01.811502,2024-05-08 15:11:55.825003,145,76,69,401
91,47,4,1,2,2024-05-09 02:00:00,2024-05-09 14:31:27.667693,2024-05-09 05:19:21.450608,191,97,94,552
92,9,3,1,1,2024-05-10 01:00:00,2024-05-10 19:11:07.856696,2024-05-10 19:50:00.088489,408,203,205,0
93,48,5,1,2,2024-05-14 16:00:00,2024-05-14 23:12:07.357504,2024-05-15 06:05:41.054204,328,158,170,0
94,29,5,1,1,2024-05-14 07:00:00,2024-05-15 00:23:51.836859,2024-05-14 22:12:52.405592,374,219,155,130
95,6,1,1,1,2024-05-18 12:00:00,2024-05-18 20:58:17.138617,2024-05-18 13:54:18.674939,270,131,139,423
96,42,2,1,1,2024-05-22 04:00:00,2024-05-22 10:33:30.274985,2024-05-22 02:42:09.849789,127,59,68,471
97,31,5,1,1,2024-05-23 03:00:00,2024-05-23 10:54:42.380698,2024-05-23 08:54:01.804267,283,141,142,120
98,12,2,1,1,2024-05-23 16:00:00,2024-05-24 08:35:38.210482,2024-05-24 06:31:00.299044,314,141,173,124
99,35,5,1,2,2024-05-26 14:00:00,2024-05-27 09:03:58.512874,2024-05-27 00:17:23.091637,262,118,144,526
100,4,1,1,2,2024-05-27 16:00:00,2024-05-28 13:16:09.651917,2024-05-28 07:23:29.869761,353,168,185,352
101,1,3,1,3,2024-05-29 10:00:00,2024-05-29 21:59:48.651518,2024-05-29 15:12:34.612526,304,166,138,407
102,23,1,1,3,2024-05-30 16:00:00,2024-05-31 19:06:47.269872,2024-06-01 01:16:25.123316,604,312,292,0
103,15,3,1,1,2024-05-31 21:00:00,2024-06-01 17:38:29.844111,2024-06-01 23:16:39.327920,452,218,234,0
104,44,3,1,1,2024-06-01 04:00:00,2024-06-01 23:40:26.486959,2024-06-01 20:10:50.005550,263,119,144,209
105,5,4,1,2,2024-06-02 16:00:00,2024-06-03 04:18:36.655047,2024-06-03 00:34:48.644763,443,258,185,223
106,15,3,1,2,2024-06-03 16:00:00,2024-06-04 01:48:47.500916,2024-06-04 08:10:20.041938,404,210,194,0
107,50,1,1,2,2024-06-05 02:00:00,2024-06-06 02:45:42.607520,2024-06-06 07:25:24.872441,452,212,240,0
108,14,1,1,3,2024-06-06 08:00:00,2024-06-06 17:33:17.774057,2024-06-06 21:56:43.771767,285,153,132,0
109,22,2,1,2,2024-06-08 07:00:00,2024-06-08 19:32:48.898764,2024-06-08 19:11:02.909702,220,125,95,21
110,47,1,1,3,2024-06-08 00:00:00,2024-06-08 16:39:34.987899,2024-06-08 07:30:43.356154,236,127,109,548
111,22,4,1,1,2024-06-08 21:00:00,2024-06-09 03:55:08.330501,2024-06-09 00:47:31.838917,360,167,193,187
112,10,5,1,2,2024-06-09 00:00:00,2024-06-09 08:41:05.510182,2024-06-09 15:06:11.761037,512,289,223,0
113,33,2,1,3,2024-06-09 17:00:00,2024-06-10 01:35:35.438493,2024-06-09 18:48:26.079318,318,158,160,407
114,44,1,1,3,2024-06-10 05:00:00,2024-06-10 21:38:04.469114,2024-06-10 18:55:42.943012,268,124,144,162
115,31,3,1,2,2024-06-11 14:00:00,2024-06-12 10:29:16.860972,2024-06-12 03:49:16.193601,473,274,199,400
116,22,2,1,2,2024-06-16 09:00:00,2024-06-17 01:37:38.303541,2024-06-17 01:43:56.555912,501,259,242,0
117,12,5,1,3,2024-06-19 03:00:00,2024-06-20 00:19:49.472943,2024-06-19 18:56:00.189492,237,137,100,323
118,32,1,1,3,2024-06-20 21:00:00,2024-06-21 14:35:58.998497,2024-06-21 16:37:05.010774,316,165,151,0
119,3,5,1,3,2024-06-24 06:00:00,2024-06-24 15:12:08.184894,2024-06-24 14:52:30.217297,283,136,147,19
120,24,2,1,1,2024-06-28 19:00:00,2024-06-29 04:23:21.548013,2024-06-29 03:18:07.599666,100,51,49,65
121,32,2,1,3,2024-06-29 03:00:00,2024-06-29 18:39:52.740993,2024-06-29 19:04:25.224932,325,165,160,0
122,12,4,1,2,2024-07-02 00:00:00,2024-07-02 19:32:43.162404,2024-07-03 01:10:37.576408,307,155,152,0
123,23,4,1,1,2024-07-05 08:00:00,2024-07-05 14:00:51.664599,2024-07-05 17:33:51.090978,208,109,99,0
124,47,3,1,1,2024-07-06 06:00:00,2024-07-06 22:20:13.465233,2024-07-07 03:23:37.118289,292,157,135,0
125,28,3,1,2,2024-07-07 12:00:00,2024-07-07 19:00:52.766687,2024-07-07 22:44:53.361546,251,125,126,0
126,3,1,1,1,2024-07-08 11:00:00,2024-07-08 22:49:06.100952,2024-07-08 15:53:54.458843,180,92,88,415
127,20,5,1,1,2024-07-08 10:00:00,2024-07-09 00:29:04.601113,2024-07-08 19:13:45.750537,445,217,228,315
128,49,3,1,1,2024-07-08 14:00:00,2024-07-09 03:44:19.656673,2024-07-09 01:41:32.168499,207,119,88,122
129,20,5,1,1,2024-07-09 22:00:00,2024-07-10 04:35:16.023072,2024-07-10 08:32:35.386804,366,193,173,0
130,5,3,1,3,2024-07-10 19:00:00,2024-07-11 13:40:31.954098,2024-07-11 03:54:58.322130,444,206,238,585
131,34,5,1,2,2024-07-10 22:00:00,2024-07-11 09:58:17.017771,2024-07-11 17:25:54.729147,100,52,48,0
132,42,5,1,3,2024-07-13 22:00:00,2024-07-14 05:22:17.364156,2024-07-14 01:15:52.746895,145,81,64,246
133,22,1,1,3,2024-07-14 17:00:00,2024-07-15 03:21:17.745161,2024-07-15 00:14:01.243996,565,337,228,187
134,8,5,1,1,2024-07-14 15:00:00,2024-07-15 04:35:36.478862,2024-07-14 21:42:37.319197,182,103,79,412
135,26,5,1,1,2024-07-16 15:00:00,2024-07-17 09:52:30.807190,2024-07-17 04:19:53.488173,204,110,94,332
136,31,3,1,2,2024-07-19 13:00:00,2024-07-20 00:19:02.445376,2024-07-19 15:39:18.716335,257,144,113,519
137,34,5,1,3,2024-07-19 21:00:00,2024-07-20 02:40:03.586070,2024-07-19 22:59:03.548180,153,78,75,221
138,1,1,1,3,2024-07-20 00:00:00,2024-07-20 19:29:35.931107,2024-07-20 23:13:03.071426,451,227,224,0
139,44,2,1,2,2024-07-21 08:00:00,2024-07-22 00:39:09.046403,2024-07-22 01:48:58.927847,202,96,106,0
140,6,5,1,3,2024-07-22 04:00:00,2024-07-22 09:51:20.721548,2024-07-22 10:40:37.005346,185,108,77,0
141,44,3,1,3,2024-07-24 10:00:00,2024-07-25 00:37:33.806482,2024-07-25 08:17:52.335125,100,53,47,0
142,16,4,1,1,2024-07-25 10:00:00,2024-07-25 17:42:37.708492,2024-07-25 18:52:08.880313,165,90,75,0
143,13,2,1,2,2024-07-26 14:00:00,2024-07-27 01:46:56.401121,2024-07-27 00:12:05.939297,341,178,163,94
144,18,4,1,2,2024-08-04 10:00:00,2024-08-05 05:31:07.162013,2024-08-05 11:18:02.334023,409,208,201,0
145,39,1,1,1,2024-08-04 03:00:00,2024-08-04 11:39:12.648421,2024-08-04 12:00:43.271268,198,92,106,0
146,42,1,1,2,2024-08-05 20:00:00,2024-08-06 10:37:17.073069,2024-08-06 02:42:20.494244,133,62,71,474
147,9,5,1,2,2024-08-05 16:00:00,2024-08-06 08:29:21.550714,2024-08-06 12:13:32.338492,198,99,99,0
148,24,2,1,1,2024-08-07 17:00:00,2024-08-08 07:40:55.924725,2024-08-08 01:52:56.607164,144,82,62,347
149,50,3,1,3,2024-08-07 21:00:00,2024-08-08 11:54:30.657517,2024-08-08 19:28:58.877141,321,186,135,0
150,32,5,1,2,2024-08-07 01:00:00,2024-08-07 17:46:09.991136,2024-08-07 20:49:39.782677,304,165,139,0
151,3,2,1,2,2024-08-10 13:00:00,2024-08-10 22:36:51.982576,2024-08-11 04:44:25.677296,120,67,53,0
152,42,3,1,1,2024-08-12 04:00:00,2024-08-12 11:24:08.657942,2024-08-12 03:18:25.089264,100,58,42,485
153,8,5,1,2,2024-08-12 04:00:00,2024-08-12 21:32:17.721115,2024-08-13 04:16:46.153065,162,87,75,0
154,8,2,1,3,2024-08-12 02:00:00,2024-08-12 11:34:26.719780,2024-08-12 16:08:53.668669,182,99,83,0
155,44,5,1,1,2024-08-13 11:00:00,2024-08-13 17:16:37.648030,2024-08-13 23:40:45.520892,244,136,108,0
156,29,1,1,3,2024-08-14 22:00:00,2024-08-15 18:13:05.947773,2024-08-15 12:36:26.564061,608,336,272,336
157,16,1,1,2,2024-08-17 23:00:00,2024-08-18 15:19:18.183291,2024-08-18 13:36:08.961249,141,84,57,103
158,21,4,1,2,2024-08-18 00:00:00,2024-08-18 17:22:44.483091,2024-08-18 14:25:34.563551,181,83,98,177
159,34,4,1,2,2024-08-18 00:00:00,2024-08-18 07:16:38.127297,2024-08-18 09:46:40.151966,100,50,50,0
160,23,4,1,1,2024-08-18 21:00:00,2024-08-19 04:11:24.543180,2024-08-19 03:14:41.309488,234,138,96,56
161,42,3,1,3,2024-08-20 09:00:00,2024-08-20 23:02:13.271407,2024-08-20 15:24:43.197888,100,53,47,457
162,14,4,1,2,2024-08-20 01:00:00,2024-08-20 08:36:09.478695,2024-08-20 12:34:39.263340,201,92,109,0
163,10,5,1,3,2024-08-21 13:00:00,2024-08-22 03:19:48.085012,2024-08-21 19:09:40.731563,417,241,176,490
164,35,4,1,1,2024-08-24 07:00:00,2024-08-24 20:06:21.925184,2024-08-24 19:29:52.360490,318,162,156,36
165,15,5,1,3,2024-08-28 13:00:00,2024-08-29 01:15:31.585891,2024-08-28 17:29:19.969411,381,226,155,466
166,6,3,1,1,2024-08-30 22:00:00,2024-08-31 13:49:24.277397,2024-08-31 19:05:13.066914,233,104,129,0
167,19,3,1,1,2024-09-02 14:00:00,2024-09-03 03:06:34.440550,2024-09-02 17:24:12.046193,102,53,49,582
168,35,4,1,1,2024-09-03 06:00:00,2024-09-03 15:03:00.414952,2024-09-03 10:35:28.360010,242,111,131,267
169,4,2,1,3,2024-09-03 03:00:00,2024-09-03 11:56:50.004723,2024-09-03 10:27:37.717862,266,128,138,89
170,37,5,1,1,2024-09-08 06:00:00,2024-09-08 16:02:45.776501,2024-09-08 14:35:13.076997,360,209,151,87
171,22,1,1,1,2024-09-09 23:00:00,2024-09-10 17:12:34.024542,2024-09-10 15:34:25.928024,416,236,180,98
172,21,4,1,1,2024-09-09 04:00:00,2024-09-09 10:50:26.285014,2024-09-09 01:34:05.718462,133,76,57,556
173,35,4,1,2,2024-09-10 03:00:00,2024-09-10 13:08:47.113894,2024-09-10 05:34:57.120483,378,198,180,453
174,40,5,1,1,2024-09-10 09:00:00,2024-09-11 02:12:39.611554,2024-09-10 20:04:50.539513,116,66,50,367
175,41,2,1,1,2024-09-10 00:00:00,2024-09-10 07:54:16.906108,2024-09-10 00:46:08.427761,409,241,168,428
176,28,1,1,3,2024-09-12 07:00:00,2024-09-13 01:12:07.515589,2024-09-13 05:07:00.203394,153,83,70,0
177,24,3,1,1,2024-09-14 00:00:00,2024-09-14 16:06:55.811799,2024-09-14 22:49:04.746826,123,56,67,0
178,5,3,1,3,2024-09-15 03:00:00,2024-09-15 19:17:54.885058,2024-09-15 21:00:14.115770,487,256,231,0
179,28,4,1,1,2024-09-19 09:00:00,2024-09-19 13:35:03.502231,2024-09-19 21:12:26.268756,131,69,62,0
180,31,1,1,2,2024-09-20 14:00:00,2024-09-21 09:37:40.454989,2024-09-21 13:55:31.920399,129,73,56,0
181,4,3,1,2,2024-09-24 20:00:00,2024-09-25 23:03:30.979830,2024-09-26 04:48:15.844466,542,287,255,0
182,13,1,1,2,2024-09-24 01:00:00,2024-09-24 23:21:34.943109,2024-09-25 05:03:14.338744,626,336,290,0
183,9,3,1,2,2024-09-25 19:00:00,2024-09-26 14:35:30.496383,2024-09-26 20:24:17.207199,199,102,97,0
184,49,4,1,1,2024-09-26 22:00:00,2024-09-27 14:33:37.270406,2024-09-27 06:44:00.661238,100,54,46,469
185,47,3,1,2,2024-09-27 06:00:00,2024-09-27 22:30:31.705703,2024-09-28 03:15:29.175741,253,131,122,0
186,22,5,1,3,2024-09-28 17:00:00,2024-09-28 23:16:48.513721,2024-09-29 05:20:13.761012,332,198,134,0
187,27,3,1,3,2024-09-29 04:00:00,2024-09-29 16:57:09.566071,2024-09-29 14:19:35.035729,298,140,158,157
188,19,2,1,2,2024-10-03 04:00:00,2024-10-03 17:43:11.493142,2024-10-03 22:50:18.851197,146,69,77,0
189,16,1,1,2,2024-10-03 09:00:00,2024-10-03 17:42:10.767996,2024-10-03 13:52:00.859728,238,138,100,230
190,21,1,1,2,2024-10-03 08:00:00,2024-10-03 16:08:05.957395,2024-10-03 17:22:49.115587,249,139,110,0
191,42,3,1,1,2024-10-05 18:00:00,2024-10-06 02:39:54.947815,2024-10-05 19:30:35.267742,100,59,41,429
192,4,5,1,2,2024-10-06 21:00:00,2024-10-07 18:12:43.692131,2024-10-07 15:32:14.419276,543,275,268,160
193,21,2,1,3,2024-10-06 02:00:00,2024-10-06 14:05:04.588496,2024-10-06 20:55:02.075574,173,88,85,0
194,4,4,1,3,2024-10-09 18:00:00,2024-10-10 09:20:12.066438,2024-10-10 12:28:47.683774,279,127,152,0
195,49,3,1,1,2024-10-09 20:00:00,2024-10-10 15:18:52.491671,2024-10-10 09:07:10.241960,136,75,61,371
196,36,4,1,3,2024-10-10 19:00:00,2024-10-11 06:45:20.521740,2024-10-11 13:37:47.785437,505,236,269,0
197,47,4,1,3,2024-10-11 05:00:00,2024-10-11 10:26:37.814086,2024-10-11 00:36:12.821304,134,73,61,590
198,39,5,1,3,2024-10-11 09:00:00,2024-10-11 16:29:10.694407,2024-10-11 18:27:54.362897,199,106,93,0
199,49,2,1,3,2024-10-14 18:00:00,2024-10-15 11:51:05.697047,2024-10-15 15:11:03.267072,307,170,137,0
200,5,4,1,2,2024-10-15 09:00:00,2024-10-16 10:54:29.512678,2024-10-16 02:02:09.019213,691,398,293,532
201,26,4,1,1,2024-10-15 05:00:00,2024-10-15 23:04:25.350415,2024-10-16 06:02:33.590145,319,167,152,0
202,31,4,1,3,2024-10-20 23:00:00,2024-10-21 04:46:26.948260,2024-10-21 11:44:49.802329,263,154,109,0
203,35,1,1,1,2024-10-22 12:00:00,2024-10-23 02:22:26.891459,2024-10-23 05:32:51.482957,385,229,156,0
204,36,1,1,3,2024-10-24 20:00:00,2024-10-25 18:35:21.505628,2024-10-25 17:00:20.645417,350,159,191,95
205,7,2,1,2,2024-10-28 15:00:00,2024-10-28 22:45:08.431054,2024-10-28 13:53:22.335514,285,159,126,531
206,44,3,1,3,2024-10-28 20:00:00,2024-10-29 08:12:44.492498,2024-10-29 11:35:41.344452,184,104,80,0
207,26,5,1,3,2024-10-30 08:00:00,2024-10-31 04:07:34.451787,2024-10-31 11:43:46.573400,246,122,124,0
208,42,2,1,2,2024-10-31 23:00:00,2024-11-01 10:56:09.654409,2024-11-01 16:52:12.631512,100,46,54,0
209,43,5,1,2,2024-11-09 00:00:00,2024-11-09 16:07:43.950614,2024-11-09 16:24:48.691170,396,210,186,0
210,22,4,1,3,2024-11-13 15:00:00,2024-11-14 05:15:08.463814,2024-11-14 04:58:09.949075,397,229,168,16
211,40,2,1,3,2024-11-16 06:00:00,2024-11-16 18:01:50.856666,2024-11-16 10:19:56.463305,180,107,73,461
212,4,4,1,2,2024-11-18 20:00:00,2024-11-19 05:39:34.083180,2024-11-19 01:47:10.100238,332,187,145,232
213,27,4,1,1,2024-11-18 23:00:00,2024-11-19 13:49:25.330625,2024-11-19 13:28:22.577408,308,173,135,21
214,42,5,1,3,2024-11-20 17:00:00,2024-11-21 08:02:29.237053,2024-11-21 14:21:36.400469,150,78,72,0
215,11,1,1,3,2024-11-21 20:00:00,2024-11-22 11:42:57.470602,2024-11-22 14:05:37.248800,388,191,197,0
216,15,2,1,3,2024-11-26 19:00:00,2024-11-27 02:10:26.355525,2024-11-27 00:07:59.607088,202,118,84,122
217,16,3,1,1,2024-12-01 10:00:00,2024-12-02 00:25:47.662055,2024-12-02 02:47:34.764791,178,85,93,0
218,12,5,1,2,2024-12-03 12:00:00,2024-12-04 09:39:53.892600,2024-12-03 23:57:03.543926,261,146,115,582
219,13,4,1,1,2024-12-03 04:00:00,2024-12-04 04:10:29.893137,2024-12-03 18:39:09.854267,506,234,272,571
220,9,2,1,3,2024-12-03 11:00:00,2024-12-04 03:18:00.016524,2024-12-03 17:30:53.367805,225,128,97,587
221,44,2,1,2,2024-12-05 15:00:00,2024-12-05 23:29:52.859532,2024-12-05 18:40:54.351015,100,52,48,288
222,33,3,1,1,2024-12-06 14:00:00,2024-12-07 02:32:38.697467,2024-12-07 07:06:05.022386,302,146,156,0
223,23,5,1,2,2024-12-07 02:00:00,2024-12-07 22:15:55.768540,2024-12-08 05:42:19.477665,192,110,82,0
224,2,4,1,1,2024-12-07 05:00:00,2024-12-08 05:18:41.093232,2024-12-07 21:54:29.318855,629,312,317,444
225,8,4,1,2,2024-12-09 20:00:00,2024-12-10 04:36:49.021117,2024-12-10 05:15:50.770106,383,184,199,0
226,36,3,1,1,2024-12-11 12:00:00,2024-12-12 07:13:38.455088,2024-12-11 23:02:53.144334,395,229,166,490
227,6,3,1,3,2024-12-11 03:00:00,2024-12-11 15:41:59.563596,2024-12-11 16:49:51.109893,243,113,130,0
228,30,2,1,2,2024-12-11 07:00:00,2024-12-11 17:24:19.001780,2024-12-11 12:05:13.214754,602,343,259,319
229,23,1,1,3,2024-12-13 19:00:00,2024-12-14 12:58:15.162491,2024-12-14 03:17:54.607168,421,250,171,580
230,19,1,1,1,2024-12-14 03:00:00,2024-12-14 17:56:22.405499,2024-12-15 00:12:06.971830,100,58,42,0
231,25,1,1,3,2024-12-14 01:00:00,2024-12-14 19:42:37.394291,2024-12-14 15:41:23.650818,154,83,71,241
232,16,2,1,1,2024-12-15 02:00:00,2024-12-15 06:12:09.035779,2024-12-15 09:22:57.107207,143,69,74,0
233,21,1,1,1,2024-12-19 16:00:00,2024-12-20 06:14:21.059056,2024-12-20 13:04:29.348356,140,64,76,0
234,23,3,1,2,2024-12-22 14:00:00,2024-12-23 04:54:29.574266,2024-12-23 10:25:58.033658,403,207,196,0
235,29,5,1,3,2024-12-24 03:00:00,2024-12-24 13:45:39.606848,2024-12-24 14:50:23.272817,546,298,248,0
236,22,1,1,2,2024-12-30 08:00:00,2024-12-30 23:47:29.114124,2024-12-30 22:40:43.073469,410,200,210,66
237,17,3,1,1,2025-01-01 12:00:00,2025-01-02 03:30:33.208559,2025-01-02 02:49:56.947993,387,226,161,40
238,20,3,1,1,2025-01-03 13:00:00,2025-01-03 19:17:27.401604,2025-01-04 02:24:00.005498,318,152,166,0
239,26,5,1,1,2025-01-04 08:00:00,2025-01-04 12:07:16.324804,2025-01-04 12:58:29.750132,100,48,52,0
240,41,5,1,3,2025-01-07 22:00:00,2025-01-08 16:43:35.391331,2025-01-08 08:59:25.771731,202,115,87,464
241,46,5,1,1,2025-01-08 20:00:00,2025-01-09 13:55:17.528013,2025-01-09 17:16:27.901141,100,51,49,0
242,45,5,1,3,2025-01-09 13:00:00,2025-01-10 03:38:52.455204,2025-01-10 10:43:38.882487,103,57,46,0
243,23,4,1,1,2025-01-10 14:00:00,2025-01-10 23:16:47.168718,2025-01-10 23:44:19.351914,473,269,204,0
244,33,1,1,2,2025-01-11 01:00:00,2025-01-11 18:23:16.009127,2025-01-11 14:21:12.501619,230,117,113,242
245,2,4,1,2,2025-01-13 06:00:00,2025-01-13 17:49:40.947699,2025-01-13 10:06:05.278842,483,253,230,463
246,27,1,1,2,2025-01-14 07:00:00,2025-01-15 03:20:34.967322,2025-01-14 20:34:58.148955,387,217,170,405
247,12,1,1,3,2025-01-14 16:00:00,2025-01-15 01:01:31.297431,2025-01-15 05:08:11.168978,287,153,134,0
248,24,5,1,3,2025-01-19 17:00:00,2025-01-20 07:12:20.537513,2025-01-20 07:56:07.955915,100,54,46,0
249,9,3,1,2,2025-01-19 11:00:00,2025-01-20 06:42:49.947047,2025-01-19 22:12:51.983764,396,204,192,509
250,36,5,1,1,2025-01-20 04:00:00,2025-01-20 18:49:46.752236,2025-01-20 15:12:22.767182,353,179,174,217
251,1,3,1,1,2025-01-20 14:00:00,2025-01-20 21:10:54.271628,2025-01-21 03:53:27.341231,356,187,169,0
252,49,1,1,3,2025-01-21 19:00:00,2025-01-22 05:41:54.721333,2025-01-22 03:15:16.366916,227,125,102,146
253,4,3,1,1,2025-01-22 09:00:00,2025-01-23 06:22:18.573980,2025-01-23 07:15:14.433414,289,134,155,0
254,15,5,1,3,2025-01-24 04:00:00,2025-01-25 01:46:45.985249,2025-01-24 16:34:22.445133,386,201,185,552
255,23,4,1,1,2025-01-26 19:00:00,2025-01-27 13:22:24.625258,2025-01-27 20:48:59.865879,390,207,183,0
256,37,3,1,3,2025-01-26 20:00:00,2025-01-27 04:35:58.284475,2025-01-26 21:35:37.766941,298,155,143,420
257,42,4,1,3,2025-01-27 20:00:00,2025-01-28 10:46:37.788274,2025-01-28 01:22:53.941670,146,69,77,563
258,1,4,1,3,2025-01-27 14:00:00,2025-01-28 06:57:49.149069,2025-01-28 00:15:43.299997,476,255,221,402
259,17,4,1,1,2025-01-27 06:00:00,2025-01-27 18:27:04.135177,2025-01-27 19:20:19.209413,266,132,134,0
260,17,5,1,3,2025-01-28 20:00:00,2025-01-29 05:37:03.567667,2025-01-29 02:50:00.553756,502,279,223,167
261,12,3,1,2,2025-01-31 05:00:00,2025-01-31 10:43:39.546097,2025-01-31 16:02:57.567280,234,129,105,0
262,48,3,1,1,2025-01-31 22:00:00,2025-02-01 13:16:15.308118,2025-02-01 14:30:53.930085,460,213,247,0
263,24,2,1,3,2025-02-01 20:00:00,2025-02-02 12:36:16.807267,2025-02-02 02:57:04.897803,208,122,86,579
264,47,4,1,1,2025-02-01 15:00:00,2025-02-02 09:54:01.901742,2025-02-01 23:58:13.134605,125,70,55,595
265,17,5,1,3,2025-02-03 04:00:00,2025-02-03 13:10:45.624835,2025-02-03 11:59:29.599548,208,101,107,71
266,16,2,1,2,2025-02-04 02:00:00,2025-02-04 07:19:13.822357,2025-02-04 02:51:17.720793,261,147,114,267
267,21,2,1,2,2025-02-04 14:00:00,2025-02-05 11:37:23.691579,2025-02-05 01:47:36.308655,273,134,139,589
268,49,1,1,3,2025-02-05 03:00:00,2025-02-05 08:42:05.554868,2025-02-05 01:41:12.984982,165,76,89,420
269,37,4,1,2,2025-02-06 22:00:00,2025-02-07 05:48:53.913364,2025-02-07 05:02:15.631298,344,200,144,46
270,31,2,1,1,2025-02-06 12:00:00,2025-02-06 20:47:38.015994,2025-02-06 11:44:07.831912,346,159,187,543
271,19,2,1,2,2025-02-07 15:00:00,2025-02-08 07:02:42.497768,2025-02-08 06:26:11.257272,100,46,54,36
272,26,3,1,2,2025-02-10 06:00:00,2025-02-10 16:30:27.846681,2025-02-10 17:17:03.216312,320,163,157,0
273,29,1,1,1,2025-02-10 18:00:00,2025-02-11 04:34:59.235564,2025-02-11 06:08:32.882913,513,273,240,0
274,22,4,1,2,2025-02-11 09:00:00,2025-02-12 06:43:07.582750,2025-02-12 04:10:23.544458,490,234,256,152
275,14,2,1,3,2025-02-14 03:00:00,2025-02-14 15:30:50.944839,2025-02-14 20:56:32.582544,100,49,51,0
276,31,1,1,3,2025-02-16 10:00:00,2025-02-17 02:41:44.575291,2025-02-17 05:48:28.326619,279,137,142,0
277,31,1,1,2,2025-02-18 23:00:00,2025-02-19 19:48:53.168418,2025-02-19 12:42:24.034113,353,196,157,426
278,5,1,1,3,2025-02-19 00:00:00,2025-02-19 23:05:07.412959,2025-02-20 04:44:47.953849,361,213,148,0
279,34,3,1,1,2025-02-20 15:00:00,2025-02-21 09:51:12.265180,2025-02-21 00:59:58.654403,166,96,70,531
280,17,5,1,1,2025-02-21 23:00:00,2025-02-22 11:08:55.442197,2025-02-22 06:59:00.508226,295,163,132,249
281,43,3,1,3,2025-02-22 08:00:00,2025-02-23 01:30:28.969092,2025-02-23 07:36:41.322130,397,223,174,0
282,12,1,1,3,2025-02-23 06:00:00,2025-02-23 21:08:48.199680,2025-02-23 20:08:22.205438,306,183,123,60
283,47,5,1,3,2025-02-23 12:00:00,2025-02-24 07:41:55.158264,2025-02-24 08:12:05.671077,218,123,95,0
284,2,4,1,1,2025-02-25 23:00:00,2025-02-26 12:36:12.747868,2025-02-26 08:56:40.934383,329,158,171,219
285,23,5,1,2,2025-03-02 05:00:00,2025-03-02 21:08:12.008638,2025-03-02 17:31:46.855897,188,88,100,216
286,1,2,1,1,2025-03-03 16:00:00,2025-03-04 06:59:51.880414,2025-03-04 12:59:25.889056,473,276,197,0
287,44,2,1,3,2025-03-07 16:00:00,2025-03-08 09:48:25.872837,2025-03-08 15:34:06.800582,219,106,113,0
288,25,3,1,1,2025-03-10 19:00:00,2025-03-11 12:57:47.235866,2025-03-11 20:47:04.172257,100,56,44,0
289,36,2,1,3,2025-03-13 16:00:00,2025-03-14 04:12:18.959848,2025-03-14 02:49:18.975960,434,244,190,82
290,42,5,1,1,2025-03-14 05:00:00,2025-03-14 10:07:34.516797,2025-03-14 10:17:13.622666,105,59,46,0
291,33,4,1,3,2025-03-17 20:00:00,2025-03-18 10:35:50.301686,2025-03-18 06:57:39.775228,273,149,124,218
292,9,3,1,3,2025-03-17 23:00:00,2025-03-18 14:53:37.705520,2025-03-18 14:38:59.580337,370,196,174,14
293,29,1,1,3,2025-03-19 03:00:00,2025-03-19 15:56:16.568308,2025-03-19 06:41:51.789204,285,148,137,554
294,5,3,1,2,2025-03-22 21:00:00,2025-03-23 13:26:50.305038,2025-03-23 14:51:54.192551,335,177,158,0
295,44,4,1,3,2025-03-28 12:00:00,2025-03-28 22:09:43.470545,2025-03-28 15:33:42.650253,253,146,107,396
296,31,4,1,1,2025-03-28 19:00:00,2025-03-29 07:28:38.970158,2025-03-29 09:24:19.329020,324,178,146,0
297,47,1,1,2,2025-03-28 08:00:00,2025-03-28 20:14:02.605044,2025-03-28 20:10:33.367077,210,116,94,3
298,38,2,1,2,2025-03-30 20:00:00,2025-03-31 12:06:05.711995,2025-03-31 02:46:48.010841,394,208,186,559
299,10,1,1,1,2025-03-31 12:00:00,2025-04-01 02:26:48.615060,2025-04-01 09:32:49.974003,425,227,198,0
300,48,4,1,3,2025-03-31 11:00:00,2025-03-31 22:41:12.372238,2025-03-31 13:23:43.744225,260,155,105,557
301,48,2,1,2,2025-04-01 17:00:00,2025-04-02 10:37:25.893642,2025-04-02 07:56:23.145029,528,278,250,161
302,6,3,1,1,2025-04-04 01:00:00,2025-04-04 19:44:26.939027,2025-04-04 15:10:16.376039,192,91,101,274
303,16,4,1,2,2025-04-05 06:00:00,2025-04-05 21:14:21.664808,2025-04-05 15:10:30.259936,194,108,86,363
304,22,4,1,2,2025-04-06 03:00:00,2025-04-06 21:46:44.228173,2025-04-06 23:21:08.726684,270,156,114,0
305,43,5,1,2,2025-04-06 02:00:00,2025-04-06 13:47:45.799207,2025-04-06 05:41:32.945924,382,218,164,486
306,36,1,1,1,2025-04-08 18:00:00,2025-04-09 14:21:53.406714,2025-04-09 13:27:38.454428,259,127,132,54
307,7,5,1,1,2025-04-14 13:00:00,2025-04-15 08:04:04.727849,2025-04-15 04:52:16.564207,170,95,75,191
308,20,5,1,3,2025-04-15 00:00:00,2025-04-15 18:05:50.599854,2025-04-15 22:38:55.376970,182,97,85,0
309,10,5,1,1,2025-04-16 23:00:00,2025-04-17 08:56:49.512114,2025-04-17 11:51:44.889504,520,251,269,0
310,11,4,1,3,2025-04-16 18:00:00,2025-04-17 07:30:15.655940,2025-04-17 10:25:09.910865,453,242,211,0
311,47,1,1,3,2025-04-17 12:00:00,2025-04-18 01:54:52.374113,2025-04-17 23:16:27.130462,290,166,124,158
312,48,3,1,1,2025-04-17 03:00:00,2025-04-17 12:01:57.675132,2025-04-17 14:43:06.006331,373,215,158,0
313,1,4,1,3,2025-04-17 23:00:00,2025-04-18 19:48:02.161503,2025-04-18 21:27:13.512639,526,302,224,0
314,34,5,1,2,2025-04-18 22:00:00,2025-04-19 05:57:22.570044,2025-04-18 21:11:53.123931,110,63,47,525
315,41,3,1,2,2025-04-18 19:00:00,2025-04-19 06:26:31.512607,2025-04-19 10:17:40.512902,293,174,119,0
316,47,5,1,1,2025-04-19 03:00:00,2025-04-19 19:42:16.121048,2025-04-19 14:21:01.239061,202,96,106,321
317,23,4,1,3,2025-04-21 15:00:00,2025-04-22 04:40:07.660431,2025-04-21 20:26:01.935682,477,273,204,494
318,16,2,1,2,2025-04-21 16:00:00,2025-04-22 06:29:24.101141,2025-04-22 07:38:15.409802,215,121,94,0
319,32,4,1,3,2025-04-21 16:00:00,2025-04-21 23:19:10.140067,2025-04-21 20:29:29.448688,432,232,200,169
320,25,1,1,3,2025-04-25 18:00:00,2025-04-26 09:48:34.115980,2025-04-26 11:09:44.722070,102,47,55,0
321,24,1,1,1,2025-04-29 06:00:00,2025-04-29 11:12:53.329991,2025-04-29 03:54:22.769354,110,51,59,438
322,34,5,1,3,2025-05-02 05:00:00,2025-05-02 14:15:39.146669,2025-05-02 10:17:17.673282,109,62,47,238
323,17,4,1,2,2025-05-03 02:00:00,2025-05-03 17:20:02.350609,2025-05-03 16:38:56.323378,501,267,234,41
324,49,5,1,3,2025-05-04 00:00:00,2025-05-04 05:07:06.794295,2025-05-03 19:39:14.133585,260,117,143,567
325,4,3,1,2,2025-05-04 20:00:00,2025-05-05 12:38:08.344027,2025-05-05 11:32:57.589257,457,254,203,65
326,40,3,1,2,2025-05-07 11:00:00,2025-05-08 02:17:29.695030,2025-05-08 06:12:37.760655,387,184,203,0
327,25,3,1,2,2025-05-07 04:00:00,2025-05-07 17:55:54.396955,2025-05-08 00:39:20.622837,105,51,54,0
328,16,1,1,2,2025-05-11 07:00:00,2025-05-11 14:45:26.896147,2025-05-11 21:49:27.936364,144,86,58,0
329,11,3,1,1,2025-05-11 04:00:00,2025-05-12 00:37:51.124182,2025-05-12 07:24:01.836802,331,195,136,0
330,50,4,1,1,2025-05-11 01:00:00,2025-05-11 11:00:02.734399,2025-05-11 15:18:12.723130,221,113,108,0
331,13,2,1,3,2025-05-13 23:00:00,2025-05-14 19:56:30.710946,2025-05-14 10:06:55.267473,550,257,293,589
332,10,2,1,1,2025-05-13 09:00:00,2025-05-14 04:32:01.605079,2025-05-14 09:18:18.773685,573,336,237,0
333,28,3,1,2,2025-05-15 11:00:00,2025-05-15 22:39:38.491322,2025-05-16 05:19:40.555601,296,164,132,0
334,34,2,1,3,2025-05-17 09:00:00,2025-05-17 17:07:13.797466,2025-05-17 12:42:16.128035,100,52,48,264
335,39,2,1,2,2025-05-17 01:00:00,2025-05-17 06:06:36.595550,2025-05-17 09:17:48.944145,120,66,54,0
336,3,3,1,3,2025-05-18 15:00:00,2025-05-19 03:10:37.019374,2025-05-19 00:40:22.527891,230,116,114,150
337,2,4,1,3,2025-05-20 00:00:00,2025-05-20 17:55:37.963135,2025-05-21 01:39:00.374153,419,225,194,0
338,49,2,1,2,2025-05-20 08:00:00,2025-05-20 15:52:17.415989,2025-05-20 08:45:18.271877,217,115,102,426
339,48,4,1,3,2025-05-23 20:00:00,2025-05-24 18:47:30.684866,2025-05-24 10:19:47.931449,446,250,196,507
340,15,1,1,3,2025-05-24 18:00:00,2025-05-25 11:19:04.078094,2025-05-25 08:42:27.459575,627,359,268,156
341,41,1,1,1,2025-05-24 19:00:00,2025-05-25 18:31:09.034989,2025-05-26 02:16:18.323089,471,218,253,0
342,46,2,1,1,2025-05-25 17:00:00,2025-05-25 21:32:28.305677,2025-05-25 16:21:07.176511,100,49,51,311
343,11,5,1,2,2025-05-25 03:00:00,2025-05-25 12:59:27.543350,2025-05-25 04:12:07.902423,168,83,85,527
344,3,2,1,1,2025-05-26 13:00:00,2025-05-27 07:47:17.056577,2025-05-27 10:32:28.132565,422,228,194,0
345,9,3,1,1,2025-05-26 04:00:00,2025-05-27 00:37:41.325866,2025-05-26 20:37:54.520386,357,178,179,239
346,2,4,1,3,2025-05-27 07:00:00,2025-05-28 01:54:30.056751,2025-05-28 01:56:33.107391,365,198,167,0
347,37,5,1,3,2025-05-30 12:00:00,2025-05-31 02:36:08.003104,2025-05-31 05:11:00.217260,261,137,124,0
348,24,1,1,1,2025-05-30 13:00:00,2025-05-31 06:16:14.824450,2025-05-31 14:03:50.112180,180,106,74,0
349,38,4,1,3,2025-06-01 06:00:00,2025-06-02 01:10:45.412585,2025-06-01 20:12:32.765033,409,188,221,298
350,35,1,1,1,2025-06-04 23:00:00,2025-06-05 20:43:40.900732,2025-06-05 18:46:01.864558,273,155,118,117
351,24,2,1,3,2025-06-05 09:00:00,2025-06-05 17:18:06.657018,2025-06-05 18:34:42.549555,100,58,42,0
352,16,1,1,2,2025-06-08 18:00:00,2025-06-09 06:45:01.769411,2025-06-08 23:49:50.910710,264,153,111,415
353,5,5,1,3,2025-06-08 21:00:00,2025-06-09 12:52:47.028806,2025-06-09 15:33:09.929608,582,336,246,0
354,13,5,1,2,2025-06-08 12:00:00,2025-06-09 05:12:10.817856,2025-06-09 10:13:40.382895,519,289,230,0
355,37,3,1,2,2025-06-21 10:00:00,2025-06-21 17:37:10.358191,2025-06-21 12:26:09.939751,310,147,163,311
356,10,3,1,2,2025-06-24 09:00:00,2025-06-24 21:50:10.471646,2025-06-24 18:53:48.097781,700,381,319,176
357,15,2,1,3,2025-06-28 00:00:00,2025-06-28 20:02:25.357708,2025-06-28 18:18:14.713459,428,255,173,104
358,42,5,1,3,2025-06-30 21:00:00,2025-07-01 08:05:04.246540,2025-07-01 05:43:37.718244,187,88,99,141
359,13,5,1,2,2025-06-30 16:00:00,2025-07-01 15:47:30.982826,2025-07-01 20:04:45.845849,443,261,182,0
360,49,1,1,3,2025-07-01 00:00:00,2025-07-01 20:58:56.664071,2025-07-02 04:39:22.226211,323,178,145,0
361,25,4,1,1,2025-07-04 15:00:00,2025-07-05 05:59:59.255403,2025-07-05 13:49:12.630676,100,58,42,0
362,1,1,1,3,2025-07-04 11:00:00,2025-07-04 22:42:06.495309,2025-07-05 00:41:47.375259,580,301,279,0
363,14,2,1,3,2025-07-07 13:00:00,2025-07-07 19:02:45.163373,2025-07-07 20:03:54.032746,285,145,140,0
364,48,4,1,3,2025-07-09 14:00:00,2025-07-10 07:42:48.276042,2025-07-10 05:57:42.165557,456,219,237,105
365,28,3,1,2,2025-07-09 19:00:00,2025-07-10 15:46:47.166452,2025-07-10 05:49:49.749919,223,115,108,596
366,29,4,1,3,2025-07-09 07:00:00,2025-07-10 03:13:29.400150,2025-07-10 09:59:16.753833,379,195,184,0
367,11,4,1,2,2025-07-10 16:00:00,2025-07-11 12:53:26.262034,2025-07-11 14:10:20.235101,529,238,291,0
368,15,2,1,1,2025-07-13 04:00:00,2025-07-13 19:05:33.538522,2025-07-13 17:42:47.995777,491,224,267,82
369,35,1,1,3,2025-07-15 05:00:00,2025-07-15 16:38:28.107880,2025-07-15 11:08:29.546540,403,226,177,329
370,31,2,1,2,2025-07-16 04:00:00,2025-07-17 01:43:15.618698,2025-07-16 23:58:16.930798,446,240,206,104
371,13,4,1,2,2025-07-17 01:00:00,2025-07-17 17:56:51.455018,2025-07-17 18:18:01.120400,334,179,155,0
372,44,2,1,3,2025-07-17 17:00:00,2025-07-18 08:10:59.085804,2025-07-18 09:17:33.725869,296,166,130,0
373,18,1,1,2,2025-07-19 02:00:00,2025-07-19 19:55:35.130395,2025-07-19 16:28:18.076952,438,233,205,207
374,45,2,1,3,2025-07-19 03:00:00,2025-07-19 12:38:16.546226,2025-07-19 05:48:36.418978,234,134,100,409
375,15,4,1,1,2025-07-19 19:00:00,2025-07-20 13:29:44.574682,2025-07-20 14:51:55.675228,356,212,144,0
376,37,4,1,2,2025-07-23 02:00:00,2025-07-24 01:36:34.249298,2025-07-23 18:46:17.866704,425,207,218,410
377,50,2,1,2,2025-07-23 06:00:00,2025-07-24 00:10:22.993432,2025-07-23 14:14:31.976189,332,159,173,595
378,8,4,1,3,2025-07-25 15:00:00,2025-07-25 23:39:39.464941,2025-07-25 16:46:52.411618,436,212,224,412
379,31,1,1,3,2025-07-25 15:00:00,2025-07-26 06:59:13.071880,2025-07-26 07:35:07.861514,357,160,197,0
380,11,2,1,1,2025-07-27 15:00:00,2025-07-28 07:50:57.517907,2025-07-28 10:13:47.193246,500,252,248,0
381,32,2,1,3,2025-07-27 04:00:00,2025-07-28 02:07:19.323854,2025-07-27 18:33:44.049457,282,148,134,453
382,25,3,1,1,2025-07-28 01:00:00,2025-07-28 16:04:08.849662,2025-07-28 11:20:09.524060,108,49,59,283
383,20,4,1,2,2025-07-28 04:00:00,2025-07-28 23:04:04.715353,2025-07-28 13:08:47.819457,501,253,248,595
384,4,3,1,1,2025-07-30 13:00:00,2025-07-31 12:32:49.313935,2025-07-31 19:35:12.363730,478,276,202,0
385,18,1,1,1,2025-07-31 22:00:00,2025-08-01 16:27:53.501302,2025-08-01 12:01:44.219622,585,272,313,266
386,10,4,1,2,2025-08-02 00:00:00,2025-08-02 19:39:04.879586,2025-08-03 00:25:22.610119,398,212,186,0
387,22,3,1,3,2025-08-03 00:00:00,2025-08-03 17:28:35.829677,2025-08-03 14:30:07.436527,259,153,106,178
388,12,5,1,1,2025-08-09 23:00:00,2025-08-10 21:47:56.947380,2025-08-10 12:38:07.873039,514,266,248,549
389,2,4,1,1,2025-08-15 07:00:00,2025-08-15 21:10:45.321482,2025-08-15 18:29:08.757301,211,124,87,161
390,40,3,1,3,2025-08-18 22:00:00,2025-08-19 12:24:53.522449,2025-08-19 04:31:20.642339,234,113,121,473
391,16,1,1,3,2025-08-23 19:00:00,2025-08-24 15:42:39.896487,2025-08-24 19:49:08.386296,240,118,122,0
392,31,5,1,3,2025-08-24 13:00:00,2025-08-25 07:34:28.184286,2025-08-25 09:32:22.101841,222,132,90,0
393,12,2,1,2,2025-08-26 17:00:00,2025-08-27 06:51:14.724225,2025-08-27 07:21:43.794012,332,196,136,0
394,20,3,1,1,2025-08-27 14:00:00,2025-08-27 21:38:30.506092,2025-08-28 02:59:27.049574,412,188,224,0
395,40,1,1,1,2025-08-29 09:00:00,2025-08-29 14:02:25.549252,2025-08-29 17:25:26.742898,173,94,79,0
396,13,2,1,3,2025-08-29 17:00:00,2025-08-30 13:56:10.149766,2025-08-30 15:46:06.744271,380,174,206,0
397,11,4,1,2,2025-08-30 13:00:00,2025-08-31 05:57:09.695365,2025-08-31 08:20:32.194477,537,252,285,0
398,23,2,1,1,2025-08-30 22:00:00,2025-08-31 10:27:47.731877,2025-08-31 17:26:15.510368,408,188,220,0
399,22,5,1,1,2025-08-31 14:00:00,2025-09-01 11:55:44.169958,2025-09-01 19:07:10.668543,528,290,238,0
400,32,1,1,3,2025-08-31 17:00:00,2025-09-01 06:17:46.706365,2025-09-01 05:49:14.501682,571,333,238,28
401,12,3,1,1,2025-09-01 22:00:00,2025-09-02 11:11:45.989942,2025-09-02 06:37:21.205428,419,211,208,274
402,32,5,1,1,2025-09-02 04:00:00,2025-09-03 03:03:42.438006,2025-09-03 01:52:44.822952,367,172,195,70
403,26,4,1,1,2025-09-03 05:00:00,2025-09-03 21:50:04.022390,2025-09-04 03:27:52.869836,274,163,111,0
404,30,5,1,2,2025-09-04 15:00:00,2025-09-05 06:08:15.275826,2025-09-05 08:59:41.425442,495,286,209,0
405,8,5,1,3,2025-09-04 11:00:00,2025-09-05 05:36:15.157943,2025-09-05 03:34:55.495715,103,58,45,121
406,5,4,1,1,2025-09-04 20:00:00,2025-09-05 08:39:28.058096,2025-09-05 00:55:28.207186,584,278,306,463
407,45,5,1,1,2025-09-04 00:00:00,2025-09-04 06:59:49.784083,2025-09-04 05:01:08.715746,218,118,100,118
408,24,3,1,2,2025-09-08 13:00:00,2025-09-08 17:09:55.832483,2025-09-08 14:11:11.619486,140,73,67,178
409,47,1,1,2,2025-09-11 01:00:00,2025-09-11 07:45:16.675735,2025-09-11 02:04:01.180338,195,101,94,341
410,39,5,1,2,2025-09-11 17:00:00,2025-09-12 08:36:52.605642,2025-09-12 13:32:30.703699,160,94,66,0
411,21,4,1,2,2025-09-15 11:00:00,2025-09-15 23:02:09.707293,2025-09-15 22:00:47.045521,208,100,108,61
412,33,2,1,1,2025-09-16 11:00:00,2025-09-17 08:28:50.325037,2025-09-17 16:01:52.161332,326,188,138,0
413,32,3,1,3,2025-09-16 07:00:00,2025-09-16 21:35:54.535470,2025-09-17 02:00:04.821091,404,198,206,0
414,39,2,1,2,2025-09-17 20:00:00,2025-09-18 02:57:17.749571,2025-09-18 00:46:15.104817,100,46,54,131
415,37,3,1,2,2025-09-17 23:00:00,2025-09-18 11:35:16.844752,2025-09-18 19:02:46.113833,258,119,139,0
416,40,4,1,2,2025-09-19 18:00:00,2025-09-20 10:21:18.736880,2025-09-20 14:53:37.055617,300,176,124,0
417,38,4,1,2,2025-09-19 16:00:00,2025-09-19 21:35:47.198048,2025-09-19 16:53:02.446714,321,158,163,282
418,19,1,1,3,2025-09-24 00:00:00,2025-09-24 05:38:20.985808,2025-09-24 12:02:14.452285,163,80,83,0
419,12,5,1,1,2025-09-25 15:00:00,2025-09-25 22:54:52.867907,2025-09-25 18:07:56.272798,255,150,105,286
420,34,2,1,3,2025-09-27 08:00:00,2025-09-27 12:46:23.166886,2025-09-27 07:15:06.888411,100,47,53,331
421,3,2,1,3,2025-09-29 08:00:00,2025-09-29 20:08:32.362304,2025-09-29 16:11:56.033418,237,140,97,236
422,34,1,1,2,2025-09-29 03:00:00,2025-09-29 18:43:18.620780,2025-09-29 21:04:19.321422,111,64,47,0
423,25,1,1,2,2025-09-30 20:00:00,2025-10-01 12:36:43.257245,2025-10-01 07:23:00.062334,130,70,60,313
424,15,2,1,1,2025-10-01 20:00:00,2025-10-02 16:05:27.458919,2025-10-02 13:35:09.852521,384,227,157,150
425,6,3,1,2,2025-10-01 02:00:00,2025-10-01 21:08:32.001410,2025-10-01 18:56:35.980633,182,101,81,131
426,10,5,1,3,2025-10-01 04:00:00,2025-10-02 05:10:58.384060,2025-10-02 11:24:20.213054,552,275,277,0
427,37,5,1,3,2025-10-02 11:00:00,2025-10-03 02:59:13.011337,2025-10-02 19:16:15.558326,445,202,243,462
428,8,2,1,1,2025-10-02 08:00:00,2025-10-03 02:57:28.591907,2025-10-03 10:23:09.346121,357,176,181,0
429,47,5,1,3,2025-10-03 09:00:00,2025-10-03 22:18:58.444029,2025-10-03 23:51:01.717225,201,97,104,0
430,17,2,1,1,2025-10-04 14:00:00,2025-10-05 08:12:13.353175,2025-10-05 15:16:17.627585,318,146,172,0
431,17,5,1,3,2025-10-07 07:00:00,2025-10-07 16:04:14.776564,2025-10-07 09:31:10.084684,322,188,134,393
432,13,2,1,1,2025-10-09 05:00:00,2025-10-10 06:50:37.220947,2025-10-10 02:37:05.115949,599,310,289,253
433,23,1,1,1,2025-10-10 17:00:00,2025-10-11 01:58:07.650741,2025-10-10 16:29:17.071944,313,163,150,568
434,14,3,1,3,2025-10-13 14:00:00,2025-10-13 22:59:04.340729,2025-10-13 19:57:15.170586,202,116,86,181
435,44,5,1,1,2025-10-15 11:00:00,2025-10-16 07:16:36.521773,2025-10-16 00:36:45.840668,266,128,138,399
436,17,2,1,2,2025-10-16 03:00:00,2025-10-16 17:50:20.577720,2025-10-16 18:24:06.998605,536,313,223,0
437,37,4,1,1,2025-10-17 03:00:00,2025-10-17 22:52:18.716893,2025-10-17 23:19:35.666535,284,135,149,0
438,2,5,1,2,2025-10-17 10:00:00,2025-10-18 01:31:01.165001,2025-10-18 04:47:41.340754,352,187,165,0
439,8,2,1,1,2025-10-18 09:00:00,2025-10-18 19:55:51.619275,2025-10-18 22:15:50.905533,295,149,146,0
440,29,2,1,1,2025-10-20 22:00:00,2025-10-21 18:23:36.192768,2025-10-21 11:24:02.347199,298,151,147,419
441,46,4,1,2,2025-10-20 08:00:00,2025-10-20 15:51:28.647246,2025-10-20 18:18:19.902605,135,70,65,0
442,48,4,1,3,2025-10-20 10:00:00,2025-10-21 06:22:25.182453,2025-10-20 20:45:47.792252,396,230,166,576
443,4,3,1,1,2025-10-20 00:00:00,2025-10-20 12:58:40.070961,2025-10-20 13:46:26.315486,345,199,146,0
444,42,3,1,1,2025-10-21 00:00:00,2025-10-21 13:48:56.378995,2025-10-21 14:03:28.622151,100,45,55,0
445,9,1,1,2,2025-10-24 01:00:00,2025-10-24 16:49:33.301038,2025-10-24 21:44:56.622161,342,165,177,0
446,14,3,1,2,2025-10-24 08:00:00,2025-10-24 16:58:25.829209,2025-10-25 00:01:50.873254,126,70,56,0
447,10,1,1,3,2025-10-25 21:00:00,2025-10-26 10:00:56.333738,2025-10-26 14:10:08.694164,396,229,167,0
448,18,2,1,1,2025-10-25 11:00:00,2025-10-26 08:36:40.323276,2025-10-26 10:57:52.141295,376,217,159,0
449,4,4,1,1,2025-10-25 06:00:00,2025-10-25 17:48:03.514323,2025-10-25 23:25:32.161611,455,223,232,0
450,43,2,1,2,2025-10-26 20:00:00,2025-10-27 08:18:27.412419,2025-10-27 14:43:51.496347,428,244,184,0
451,29,5,1,1,2025-10-31 19:00:00,2025-11-01 10:32:54.615527,2025-11-01 09:40:58.322857,201,98,103,51
452,3,5,1,3,2025-10-31 12:00:00,2025-11-01 03:27:37.397227,2025-11-01 01:09:52.064314,382,199,183,137
453,29,5,1,3,2025-11-02 04:00:00,2025-11-02 21:20:48.521590,2025-11-02 14:27:15.816837,319,160,159,413
454,23,4,1,3,2025-11-02 03:00:00,2025-11-03 01:06:10.996541,2025-11-02 17:09:12.616690,291,165,126,476
455,36,4,1,3,2025-11-03 17:00:00,2025-11-04 13:11:39.629048,2025-11-04 14:02:54.536937,574,326,248,0
456,11,1,1,2,2025-11-05 01:00:00,2025-11-05 12:24:01.806945,2025-11-05 19:51:36.424622,415,209,206,0
457,31,3,1,2,2025-11-05 20:00:00,2025-11-06 06:37:28.575034,2025-11-06 00:48:01.822826,358,192,166,349
458,2,5,1,3,2025-11-06 15:00:00,2025-11-07 08:29:07.897052,2025-11-07 12:51:28.858157,610,331,279,0
459,43,1,1,3,2025-11-07 11:00:00,2025-11-08 01:07:06.232839,2025-11-08 08:23:45.234770,296,137,159,0
460,28,4,1,3,2025-11-11 06:00:00,2025-11-11 22:38:26.303258,2025-11-12 02:05:10.196366,174,83,91,0
461,26,1,1,2,2025-11-12 16:00:00,2025-11-13 00:34:02.135019,2025-11-12 15:34:35.582250,250,148,102,539
462,30,1,1,1,2025-11-12 09:00:00,2025-11-12 16:55:30.441851,2025-11-12 12:27:45.882812,342,173,169,267
463,41,1,1,2,2025-11-12 17:00:00,2025-11-13 00:28:48.167883,2025-11-13 07:40:12.373867,224,122,102,0
464,32,2,1,1,2025-11-14 11:00:00,2025-11-14 23:22:05.793390,2025-11-15 06:52:01.508179,466,243,223,0
465,34,1,1,2,2025-11-14 21:00:00,2025-11-15 12:04:38.789118,2025-11-15 14:45:02.393611,122,69,53,0
466,2,2,1,2,2025-11-14 06:00:00,2025-11-15 00:08:18.309495,2025-11-14 23:08:00.260414,626,286,340,60
467,14,5,1,1,2025-11-15 21:00:00,2025-11-16 17:22:41.911906,2025-11-16 15:55:11.435989,224,105,119,87
468,32,5,1,3,2025-11-16 02:00:00,2025-11-17 00:08:52.276510,2025-11-17 03:34:56.692513,412,227,185,0
469,16,1,1,1,2025-11-18 05:00:00,2025-11-18 10:19:14.380528,2025-11-18 05:59:50.603140,241,131,110,259
470,23,4,1,2,2025-11-19 11:00:00,2025-11-19 18:37:01.532068,2025-11-19 09:58:49.855074,238,126,112,518
471,5,3,1,1,2025-11-20 00:00:00,2025-11-20 08:44:27.920301,2025-11-20 16:29:44.435552,418,233,185,0
472,28,4,1,3,2025-11-21 07:00:00,2025-11-21 20:14:19.111401,2025-11-21 12:08:21.707017,144,70,74,485
473,5,4,1,3,2025-11-21 07:00:00,2025-11-21 23:20:37.857528,2025-11-22 05:38:04.107693,325,173,152,0
474,32,3,1,2,2025-11-22 21:00:00,2025-11-23 10:06:21.363600,2025-11-23 02:22:50.882938,378,180,198,463
475,3,3,1,1,2025-11-22 05:00:00,2025-11-22 21:13:10.687137,2025-11-22 18:33:29.558292,246,121,125,159
476,3,1,1,3,2025-11-25 19:00:00,2025-11-26 03:46:27.604241,2025-11-25 23:09:47.979275,397,222,175,276
477,4,3,1,3,2025-11-27 14:00:00,2025-11-28 02:21:28.989448,2025-11-27 23:15:00.524249,466,256,210,186
478,8,4,1,1,2025-11-28 22:00:00,2025-11-29 04:45:15.057193,2025-11-29 02:12:50.527567,283,132,151,152
479,20,3,1,3,2025-11-29 10:00:00,2025-11-29 19:47:10.873024,2025-11-29 16:18:23.108632,497,296,201,208
480,38,2,1,1,2025-11-29 19:00:00,2025-11-30 11:14:07.035897,2025-11-30 13:41:43.481234,517,273,244,0
481,35,2,1,2,2025-11-30 03:00:00,2025-11-30 20:02:25.509884,2025-12-01 00:37:17.648242,333,186,147,0
482,46,1,1,1,2025-12-02 20:00:00,2025-12-03 08:22:29.199607,2025-12-03 10:41:27.099406,176,88,88,0
483,25,3,1,2,2025-12-03 06:00:00,2025-12-04 00:11:17.718303,2025-12-04 00:00:46.616958,104,61,43,10
484,41,1,1,2,2025-12-04 14:00:00,2025-12-05 09:21:37.177845,2025-12-05 11:08:20.678261,479,233,246,0
485,29,4,1,1,2025-12-06 15:00:00,2025-12-07 13:41:09.018241,2025-12-07 19:37:52.748230,384,182,202,0
486,45,5,1,2,2025-12-10 09:00:00,2025-12-10 18:44:39.303021,2025-12-10 15:41:33.434254,100,46,54,183
487,38,5,1,2,2025-12-10 09:00:00,2025-12-10 16:10:53.831063,2025-12-10 15:35:17.261985,122,68,54,35
488,38,4,1,3,2025-12-11 01:00:00,2025-12-11 09:45:23.067967,2025-12-11 17:04:15.075688,278,161,117,0
489,26,3,1,2,2025-12-20 19:00:00,2025-12-21 05:11:43.138301,2025-12-21 11:46:05.775857,226,105,121,0
490,18,2,1,3,2025-12-20 03:00:00,2025-12-20 18:30:13.531859,2025-12-20 15:26:40.411377,412,196,216,183
491,41,2,1,2,2025-12-25 06:00:00,2025-12-25 19:55:36.636637,2025-12-25 15:42:50.408908,647,371,276,252
492,23,5,1,2,2025-12-26 23:00:00,2025-12-27 15:15:36.415869,2025-12-27 15:57:45.016800,326,162,164,0
493,31,5,1,3,2025-12-27 00:00:00,2025-12-27 06:05:50.460110,2025-12-27 03:53:35.806913,350,175,175,132
494,2,2,1,2,2025-12-27 02:00:00,2025-12-27 13:53:58.163876,2025-12-27 18:29:32.583621,634,346,288,0
495,37,4,1,3,2025-12-27 23:00:00,2025-12-28 13:14:05.735789,2025-12-28 11:15:02.016583,274,131,143,119
496,6,4,1,3,2025-12-28 15:00:00,2025-12-28 18:46:16.353661,2025-12-28 11:10:40.603809,112,58,54,455
497,49,2,1,3,2025-12-29 09:00:00,2025-12-30 00:41:48.577925,2025-12-29 22:55:22.298932,117,53,64,106
498,7,4,1,3,2025-12-29 14:00:00,2025-12-30 00:16:54.023530,2025-12-29 21:31:03.032727,328,169,159,165
499,38,3,1,1,2025-12-30 03:00:00,2025-12-30 08:27:15.588970,2025-12-30 16:19:20.335996,100,50,50,0
500,8,1,1,3,2025-12-30 13:00:00,2025-12-31 11:26:59.333846,2025-12-31 02:10:24.875724,497,266,231,556
